84,31,71,0,15:39:20
84,31,70,99,15:39:21
84,31,71,0,15:39:21
84,31,61,0,15:39:22
84,31,71,1,15:39:22
84,31,61,0,15:39:23
84,31,71,1,15:39:23
84,31,71,2,15:39:24
84,31,71,2,15:39:24
84,31,71,2,15:39:25
84,31,71,2,15:39:26
84,31,71,3,15:39:26
84,31,81,4,15:39:27
84,31,81,4,15:39:27
84,31,81,4,15:39:28
84,31,81,3,15:39:28
84,31,71,3,15:39:29
84,31,81,4,15:39:29
84,31,81,3,15:39:30
84,31,81,4,15:39:31
84,31,81,4,15:39:31
84,31,81,4,15:39:32
84,31,81,4,15:39:32
84,31,81,3,15:39:33
84,31,81,3,15:39:33
84,31,81,4,15:39:34
84,31,81,4,15:39:34
84,31,81,4,15:39:35
84,31,81,4,15:39:36
84,31,81,2,15:39:36
84,31,71,0,15:39:37
84,31,71,0,15:39:37
84,31,81,1,15:39:38
84,31,71,1,15:39:38
84,31,81,1,15:39:39
84,31,81,2,15:39:39
84,31,81,2,15:39:40
84,31,81,2,15:39:40
84,31,81,2,15:39:41
84,31,81,2,15:39:42
84,31,71,2,15:39:42
84,31,71,1,15:39:43
84,31,61,0,15:39:43
84,31,60,99,15:39:44
84,31,70,99,15:39:44
84,31,71,0,15:39:45
84,31,81,0,15:39:45
84,31,81,1,15:39:46
84,31,91,2,15:39:47
84,31,91,0,15:39:47
84,31,91,0,15:39:48
84,31,91,0,15:39:48
84,31,101,1,15:39:49
84,31,111,3,15:39:49
84,31,111,1,15:39:50
84,31,111,2,15:39:50
84,31,111,2,15:39:51
84,31,101,2,15:39:51
84,31,101,2,15:39:52
84,31,111,3,15:39:53
84,31,111,1,15:39:53
84,31,90,99,15:39:54
84,31,90,97,15:39:54
84,31,90,97,15:39:55
84,31,80,95,15:39:55
84,31,80,93,15:39:56
84,31,90,93,15:39:56
84,31,90,94,15:39:57
84,31,100,95,15:39:58
84,31,110,95,15:39:58
84,31,120,97,15:39:59
84,31,130,99,15:39:59
84,31,151,2,15:40:00
84,31,151,3,15:40:00
84,31,161,5,15:40:01
84,31,151,4,15:40:01
84,31,151,4,15:40:02
84,31,151,5,15:40:02
84,31,161,7,15:40:03
84,31,171,8,15:40:04
84,31,171,8,15:40:04
84,31,161,8,15:40:05
84,31,171,9,15:40:05
84,31,171,10,15:40:06
84,31,171,11,15:40:06
84,31,171,11,15:40:07
84,31,181,12,15:40:07
84,31,171,11,15:40:08
84,31,171,10,15:40:09
84,31,171,9,15:40:09
84,31,171,10,15:40:10
84,31,171,11,15:40:10
84,31,171,11,15:40:11
84,31,171,12,15:40:11
84,31,181,12,15:40:12
84,31,171,12,15:40:12
84,31,161,11,15:40:13
84,31,161,11,15:40:13
84,31,161,10,15:40:14
84,31,161,11,15:40:15
84,31,161,11,15:40:15
84,31,161,10,15:40:16
84,31,151,10,15:40:16
84,31,161,10,15:40:17
84,31,151,10,15:40:17
84,31,151,10,15:40:18
84,31,161,11,15:40:18
84,31,151,11,15:40:19
84,31,151,11,15:40:20
84,31,151,10,15:40:20
84,31,151,10,15:40:21
84,31,151,11,15:40:21
84,31,151,11,15:40:22
84,31,151,11,15:40:22
84,31,151,11,15:40:23
84,31,141,9,15:40:23
84,31,141,9,15:40:24
84,31,141,11,15:40:24
84,31,151,10,15:40:25
84,31,151,10,15:40:26
84,31,141,9,15:40:26
84,31,141,9,15:40:27
84,31,151,9,15:40:27
84,31,151,10,15:40:28
84,31,141,9,15:40:28
84,31,141,9,15:40:29
84,31,141,10,15:40:29
84,31,161,10,15:40:30
84,31,151,10,15:40:31
84,31,151,11,15:40:31
84,31,141,11,15:40:32
84,31,141,11,15:40:32
84,31,141,11,15:40:33
84,31,171,12,15:40:33
84,31,171,12,15:40:34
84,31,161,11,15:40:34
84,31,161,11,15:40:35
84,31,171,11,15:40:36
84,31,171,11,15:40:36
84,31,161,10,15:40:37
84,31,161,10,15:40:37
84,31,161,9,15:40:38
84,31,161,9,15:40:38
84,31,161,9,15:40:39
84,31,161,9,15:40:39
84,31,161,9,15:40:40
84,31,161,8,15:40:40
84,31,131,8,15:40:41
84,31,141,8,15:40:42
84,31,131,8,15:40:42
84,31,131,7,15:40:43
84,31,141,7,15:40:43
84,31,141,6,15:40:44
84,31,171,9,15:40:44
84,31,171,9,15:40:45
84,31,161,8,15:40:45
84,31,201,12,15:40:46
84,31,201,12,15:40:47
84,31,211,12,15:40:47
84,31,191,9,15:40:48
84,31,181,8,15:40:48
84,31,161,6,15:40:49
84,31,151,5,15:40:49
84,31,181,9,15:40:50
84,31,171,8,15:40:50
84,31,121,8,15:40:51
84,31,111,6,15:40:52
84,31,101,6,15:40:52
84,31,91,5,15:40:53
84,31,101,6,15:40:53
84,31,101,5,15:40:54
84,31,91,5,15:40:54
84,31,91,5,15:40:55
84,31,91,4,15:40:55
84,31,91,4,15:40:56
84,31,121,3,15:40:56
84,31,101,3,15:40:57
84,31,91,3,15:40:58
84,31,81,3,15:40:58
84,31,71,3,15:40:59
84,31,81,4,15:40:59
84,31,71,4,15:41:00
84,31,81,4,15:41:00
84,31,91,4,15:41:01
84,31,81,4,15:41:01
84,31,71,4,15:41:02
84,31,81,4,15:41:03
84,31,81,5,15:41:03
84,31,81,5,15:41:04
84,31,81,5,15:41:04
84,31,81,5,15:41:05
84,31,81,5,15:41:05
84,31,81,4,15:41:06
84,31,81,4,15:41:06
84,31,71,4,15:41:07
84,31,81,4,15:41:07
84,31,71,4,15:41:08
84,31,71,4,15:41:09
84,31,81,4,15:41:09
84,31,81,5,15:41:10
84,31,71,4,15:41:10
84,31,81,5,15:41:11
84,31,81,5,15:41:11
84,31,81,5,15:41:12
84,31,81,4,15:41:12
84,31,81,4,15:41:13
84,31,91,5,15:41:14
84,31,81,4,15:41:14
84,31,81,4,15:41:15
84,31,81,5,15:41:15
84,31,81,4,15:41:16
84,31,81,4,15:41:16
84,31,81,4,15:41:17
84,31,81,4,15:41:17
84,31,81,4,15:41:18
84,31,81,4,15:41:18
84,31,81,4,15:41:19
84,31,81,3,15:41:20
84,31,61,1,15:41:20
84,31,60,97,15:41:21
84,31,60,97,15:41:21
84,31,60,97,15:41:22
84,31,70,97,15:41:22
84,31,70,98,15:41:23
84,31,70,99,15:41:23
84,31,70,99,15:41:24
84,31,70,99,15:41:25
84,31,71,0,15:41:25
84,31,71,0,15:41:26
84,31,91,1,15:41:26
84,31,91,2,15:41:27
84,31,91,3,15:41:27
84,31,91,4,15:41:28
84,31,91,5,15:41:28
84,31,101,5,15:41:29
84,31,91,5,15:41:29
84,31,101,5,15:41:30
84,31,101,5,15:41:31
84,31,101,6,15:41:31
84,31,101,7,15:41:32
84,31,101,7,15:41:32
84,31,101,8,15:41:33
84,31,101,8,15:41:33
84,31,101,9,15:41:34
84,31,101,8,15:41:34
84,31,111,9,15:41:35
84,31,101,8,15:41:36
84,31,111,9,15:41:36
84,31,101,9,15:41:37
84,31,101,8,15:41:37
84,31,101,8,15:41:38
84,31,101,8,15:41:38
84,31,111,9,15:41:39
84,31,101,8,15:41:39
84,31,111,9,15:41:40
84,31,111,9,15:41:40
84,31,111,9,15:41:41
84,31,111,10,15:41:42
84,31,111,10,15:41:42
84,31,111,10,15:41:43
84,31,111,10,15:41:43
84,31,101,9,15:41:44
84,31,101,9,15:41:44
84,31,101,8,15:41:45
84,31,101,9,15:41:45
84,31,101,8,15:41:46
84,31,101,9,15:41:47
84,31,101,8,15:41:47
84,31,91,6,15:41:48
84,31,101,6,15:41:48
84,31,91,6,15:41:49
84,31,91,5,15:41:49
84,31,91,4,15:41:50
84,31,91,4,15:41:50
84,31,81,4,15:41:51
84,31,81,3,15:41:52
84,31,81,3,15:41:52
84,31,71,3,15:41:53
94,21,71,2,15:41:53
94,21,81,2,15:41:54
94,21,81,3,15:41:54
94,21,81,4,15:41:55
94,21,71,4,15:41:55
94,21,71,3,15:41:56
94,21,81,3,15:41:56
94,21,81,3,15:41:57
94,21,81,4,15:41:58
94,21,91,4,15:41:58
94,21,91,4,15:41:59
94,21,81,4,15:41:59
94,21,91,4,15:42:00
94,21,91,3,15:42:00
94,21,91,2,15:42:01
94,21,91,1,15:42:01
94,21,90,99,15:42:02
94,21,70,96,15:42:03
94,21,80,98,15:42:03
94,21,90,99,15:42:04
94,21,101,0,15:42:04
94,21,101,2,15:42:05
94,21,101,2,15:42:05
94,21,111,4,15:42:06
94,21,121,4,15:42:06
94,21,121,6,15:42:07
94,21,121,8,15:42:07
94,21,121,9,15:42:08
94,21,131,10,15:42:09
94,21,131,11,15:42:09
94,21,131,12,15:42:10
94,21,131,12,15:42:10
94,21,131,13,15:42:11
94,21,121,13,15:42:11
94,21,141,12,15:42:12
94,21,141,12,15:42:12
94,21,131,10,15:42:13
94,21,141,11,15:42:14
94,21,141,12,15:42:14
94,21,151,13,15:42:15
94,21,151,13,15:42:15
94,21,151,14,15:42:16
94,21,161,15,15:42:16
94,21,161,15,15:42:17
94,21,151,15,15:42:17
94,21,161,16,15:42:18
94,21,161,16,15:42:18
94,21,161,16,15:42:19
94,21,161,16,15:42:20
94,21,161,15,15:42:20
94,21,171,15,15:42:21
94,21,161,15,15:42:21
94,21,171,14,15:42:22
94,21,181,12,15:42:22
94,21,161,10,15:42:23
94,21,151,7,15:42:23
94,21,131,5,15:42:24
94,21,121,2,15:42:25
94,21,111,2,15:42:25
94,21,141,4,15:42:26
94,21,141,6,15:42:26
94,21,151,8,15:42:27
94,21,141,8,15:42:27
94,21,151,10,15:42:28
94,21,151,10,15:42:28
94,21,151,10,15:42:29
94,21,141,10,15:42:29
94,21,201,8,15:42:30
94,21,191,8,15:42:31
94,21,151,8,15:42:31
94,21,111,7,15:42:32
94,21,141,6,15:42:32
94,21,131,5,15:42:33
94,21,141,2,15:42:33
94,21,130,99,15:42:34
94,21,130,97,15:42:34
94,21,130,98,15:42:35
94,21,130,97,15:42:36
94,21,110,98,15:42:36
94,21,171,0,15:42:37
84,31,171,2,15:42:37
84,31,191,4,15:42:38
84,31,191,5,15:42:38
84,31,211,6,15:42:39
84,31,201,7,15:42:39
84,31,211,7,15:42:40
84,31,191,7,15:42:40
84,31,191,8,15:42:41
84,31,201,9,15:42:42
84,31,211,8,15:42:42
84,31,221,9,15:42:43
84,31,221,9,15:42:43
84,31,241,12,15:42:44
84,31,251,13,15:42:44
84,31,231,15,15:42:45
84,31,251,16,15:42:45
84,31,251,17,15:42:46
84,31,271,18,15:42:47
84,31,261,19,15:42:47
84,31,261,20,15:42:48
84,31,261,20,15:42:48
84,31,261,21,15:42:49
84,31,261,22,15:42:49
84,31,251,21,15:42:50
84,31,251,21,15:42:50
84,31,251,21,15:42:51
84,31,261,22,15:42:52
84,31,251,21,15:42:52
84,31,251,22,15:42:53
84,31,291,21,15:42:53
84,31,251,21,15:42:54
84,31,271,20,15:42:54
84,31,261,20,15:42:55
84,31,261,20,15:42:55
84,31,271,20,15:42:56
84,31,251,19,15:42:56
84,31,261,20,15:42:57
84,31,251,18,15:42:58
84,31,261,17,15:42:58
84,31,261,17,15:42:59
84,31,271,18,15:42:59
84,31,241,18,15:43:00
84,31,211,18,15:43:00
84,31,221,18,15:43:01
84,31,231,18,15:43:01
84,31,231,18,15:43:02
84,31,241,18,15:43:03
84,31,251,18,15:43:03
84,31,251,18,15:43:04
84,31,281,17,15:43:04
84,31,281,18,15:43:05
84,31,251,17,15:43:05
84,31,261,17,15:43:06
84,31,241,16,15:43:06
84,31,251,16,15:43:07
84,31,211,15,15:43:07
94,21,231,15,15:43:08
94,21,211,14,15:43:09
94,21,251,14,15:43:09
94,21,241,13,15:43:10
94,21,251,14,15:43:10
94,21,261,13,15:43:11
94,21,241,12,15:43:11
94,21,241,13,15:43:12
84,31,221,12,15:43:12
84,31,241,12,15:43:13
84,31,231,12,15:43:14
84,31,231,12,15:43:14
94,21,221,11,15:43:15
94,21,201,11,15:43:15
94,21,201,11,15:43:16
94,21,201,11,15:43:16
94,21,211,11,15:43:17
94,21,201,10,15:43:17
94,21,191,10,15:43:18
94,21,201,10,15:43:18
94,21,191,10,15:43:19
94,21,191,9,15:43:20
94,21,191,10,15:43:20
94,21,191,10,15:43:21
94,21,191,9,15:43:21
94,21,191,9,15:43:22
94,21,191,9,15:43:22
94,21,191,9,15:43:23
94,21,191,9,15:43:23
94,21,181,8,15:43:24
94,21,181,9,15:43:25
94,21,181,8,15:43:25
94,21,181,8,15:43:26
94,21,181,8,15:43:26
94,21,191,7,15:43:27
94,21,181,8,15:43:27
94,21,181,7,15:43:28
94,21,181,7,15:43:28
94,21,181,7,15:43:29
94,21,181,7,15:43:29
94,21,181,6,15:43:30
94,21,171,6,15:43:31
94,21,181,6,15:43:31
94,21,181,6,15:43:32
94,21,181,6,15:43:32
94,21,181,6,15:43:33
94,21,181,6,15:43:33
94,21,181,6,15:43:34
94,21,181,5,15:43:34
94,21,181,5,15:43:35
94,21,181,6,15:43:36
94,21,131,6,15:43:36
94,21,131,6,15:43:37
94,21,131,5,15:43:37
94,21,171,5,15:43:38
94,21,191,5,15:43:38
94,21,211,6,15:43:39
94,21,231,5,15:43:39
94,21,221,5,15:43:40
94,21,201,6,15:43:40
94,21,201,5,15:43:41
94,21,161,6,15:43:42
94,21,261,11,15:43:42
94,21,311,10,15:43:43
94,21,301,9,15:43:43
94,21,231,7,15:43:44
94,21,261,7,15:43:44
94,21,261,8,15:43:45
94,21,281,7,15:43:45
94,21,281,7,15:43:46
94,21,271,8,15:43:47
94,21,271,7,15:43:47
94,21,271,7,15:43:48
94,21,261,6,15:43:48
94,21,261,6,15:43:49
94,21,261,7,15:43:49
94,21,251,6,15:43:50
94,21,251,6,15:43:50
94,21,251,6,15:43:51
94,21,241,5,15:43:52
94,21,251,5,15:43:52
94,21,241,5,15:43:53
94,21,241,5,15:43:53
94,21,221,5,15:43:54
94,21,221,4,15:43:54
94,21,221,5,15:43:55
94,21,221,5,15:43:55
94,21,221,5,15:43:56
94,21,211,4,15:43:56
94,21,191,5,15:43:57
94,21,181,5,15:43:58
94,21,181,5,15:43:58
94,21,181,5,15:43:59
94,21,181,4,15:43:59
94,21,171,4,15:44:00
94,21,181,4,15:44:00
94,21,181,4,15:44:01
94,21,181,4,15:44:01
94,21,171,3,15:44:02
94,21,181,3,15:44:03
94,21,171,4,15:44:03
94,21,181,3,15:44:04
94,21,181,3,15:44:04
94,21,171,3,15:44:05
94,21,181,3,15:44:05
94,21,171,2,15:44:06
94,21,181,2,15:44:06
94,21,171,1,15:44:07
94,21,171,2,15:44:07
94,21,171,2,15:44:08
94,21,171,2,15:44:09
94,21,171,2,15:44:09
94,21,171,1,15:44:10
94,21,171,1,15:44:10
94,21,171,1,15:44:11
94,21,161,1,15:44:11
94,21,161,1,15:44:12
94,21,161,1,15:44:12
94,21,161,1,15:44:13
94,21,161,1,15:44:14
94,21,161,1,15:44:14
94,21,161,1,15:44:15
94,21,161,0,15:44:15
94,21,151,1,15:44:16
94,21,161,1,15:44:16
94,21,161,0,15:44:17
94,21,161,0,15:44:17
94,21,151,0,15:44:18
94,21,150,99,15:44:18
94,21,150,99,15:44:19
94,21,150,99,15:44:20
94,21,150,98,15:44:20
94,21,150,98,15:44:21
94,21,140,98,15:44:21
94,21,140,98,15:44:22
94,21,140,98,15:44:22
94,21,150,98,15:44:23
94,21,150,98,15:44:23
94,21,150,99,15:44:24
94,21,150,98,15:44:25
94,21,150,98,15:44:25
94,21,150,98,15:44:26
94,21,150,99,15:44:26
94,21,150,99,15:44:27
94,21,150,99,15:44:27
94,21,151,0,15:44:28
94,21,150,99,15:44:28
94,21,150,99,15:44:29
94,21,150,98,15:44:30
94,21,140,97,15:44:30
94,21,150,97,15:44:31
94,21,140,96,15:44:31
94,21,150,96,15:44:32
94,21,150,96,15:44:32
94,21,140,96,15:44:33
94,21,140,96,15:44:33
94,21,140,96,15:44:34
94,21,150,97,15:44:34
94,21,150,98,15:44:35
94,21,150,98,15:44:36
94,21,150,99,15:44:36
94,21,151,0,15:44:37
94,21,161,1,15:44:37
94,21,161,2,15:44:38
94,21,161,2,15:44:38
94,21,161,1,15:44:39
94,21,161,2,15:44:39
94,21,160,99,15:44:40
94,21,150,98,15:44:41
94,21,150,98,15:44:41
94,21,160,98,15:44:42
94,21,150,96,15:44:42
94,21,150,96,15:44:43
94,21,160,98,15:44:43
94,21,161,0,15:44:44
94,21,171,1,15:44:44
94,21,171,2,15:44:45
94,21,171,3,15:44:45
94,21,171,4,15:44:46
94,21,181,5,15:44:47
94,21,171,5,15:44:47
94,21,171,7,15:44:48
94,21,181,7,15:44:48
94,21,171,7,15:44:49
94,21,171,7,15:44:49
94,21,171,7,15:44:50
94,21,171,7,15:44:50
94,21,171,8,15:44:51
94,21,181,8,15:44:52
94,21,181,7,15:44:52
94,21,171,7,15:44:53
94,21,171,8,15:44:53
94,21,171,8,15:44:54
94,21,181,8,15:44:54
94,21,171,7,15:44:55
94,21,171,7,15:44:55
94,21,171,7,15:44:56
94,21,171,6,15:44:56
94,21,161,5,15:44:57
94,21,171,6,15:44:58
94,21,171,6,15:44:58
94,21,171,6,15:44:59
94,21,171,7,15:44:59
94,21,171,7,15:45:00
94,21,171,7,15:45:00
94,21,171,7,15:45:01
94,21,171,7,15:45:01
94,21,171,7,15:45:02
94,21,171,6,15:45:03
94,21,171,5,15:45:03
94,21,161,5,15:45:04
94,21,161,5,15:45:04
94,21,171,6,15:45:05
94,21,161,5,15:45:05
94,21,161,5,15:45:06
94,21,161,5,15:45:06
94,21,161,5,15:45:07
94,21,161,5,15:45:07
94,21,161,5,15:45:08
94,21,161,6,15:45:09
94,21,161,5,15:45:09
94,21,171,6,15:45:10
94,21,161,6,15:45:10
94,21,161,6,15:45:11
94,21,161,6,15:45:11
94,21,161,6,15:45:12
94,21,161,6,15:45:12
94,21,161,6,15:45:13
94,21,161,6,15:45:14
94,21,161,5,15:45:14
94,21,161,5,15:45:15
94,21,161,5,15:45:15
94,21,161,5,15:45:16
94,21,161,5,15:45:16
94,21,161,5,15:45:17
94,21,161,5,15:45:17
94,21,161,5,15:45:18
94,21,161,5,15:45:18
94,21,161,5,15:45:19
94,21,151,5,15:45:20
94,21,151,5,15:45:20
94,21,161,6,15:45:21
94,21,161,6,15:45:21
94,21,161,6,15:45:22
94,21,161,6,15:45:22
94,21,151,6,15:45:23
94,21,151,5,15:45:23
94,21,151,6,15:45:24
94,21,161,6,15:45:25
94,21,151,5,15:45:25
94,21,151,5,15:45:26
94,21,151,4,15:45:26
94,21,151,4,15:45:27
94,21,151,4,15:45:27
94,21,151,4,15:45:28
94,21,151,4,15:45:28
94,21,151,3,15:45:29
94,21,151,4,15:45:30
94,21,151,4,15:45:30
94,21,161,4,15:45:31
94,21,161,4,15:45:31
94,21,161,4,15:45:32
94,21,161,4,15:45:32
94,21,161,4,15:45:33
94,21,161,4,15:45:33
94,21,161,4,15:45:34
94,21,161,4,15:45:34
94,21,161,4,15:45:35
94,21,161,3,15:45:36
94,21,161,3,15:45:36
94,21,161,3,15:45:37
94,21,161,3,15:45:37
94,21,161,2,15:45:38
94,21,161,3,15:45:38
94,21,161,3,15:45:39
94,21,151,3,15:45:39
94,21,161,4,15:45:40
94,21,161,4,15:45:40
94,21,161,4,15:45:41
94,21,161,4,15:45:42
94,21,161,4,15:45:42
94,21,161,4,15:45:43
94,21,121,4,15:45:43
94,21,121,3,15:45:44
94,21,91,3,15:45:44
94,21,101,3,15:45:45
94,21,91,2,15:45:45
94,21,91,2,15:45:46
94,21,91,2,15:45:47
94,21,91,2,15:45:47
94,21,81,2,15:45:48
94,21,101,2,15:45:48
94,21,101,2,15:45:49
94,21,91,1,15:45:49
94,21,91,1,15:45:50
94,21,101,1,15:45:50
94,21,91,0,15:45:51
94,21,101,0,15:45:51
94,21,90,99,15:45:52
94,21,101,0,15:45:53
94,21,101,0,15:45:53
94,21,100,99,15:45:54
94,21,111,0,15:45:54
94,21,101,0,15:45:55
94,21,111,0,15:45:55
94,21,101,0,15:45:56
94,21,101,0,15:45:56
94,21,101,0,15:45:57
94,21,111,0,15:45:58
94,21,110,99,15:45:58
94,21,110,99,15:45:59
94,21,100,98,15:45:59
94,21,100,97,15:46:00
94,21,100,96,15:46:00
94,21,100,97,15:46:01
94,21,100,96,15:46:01
10,42,109,96,15:46:02
10,42,110,96,15:46:03
10,42,110,97,15:46:03
10,42,111,97,15:46:04
94,21,110,97,15:46:04
94,21,110,98,15:46:05
94,21,120,99,15:46:05
94,21,120,99,15:46:06
10,42,111,98,15:46:06
10,42,112,99,15:46:07
10,42,111,99,15:46:07
10,42,111,100,15:46:08
94,21,110,99,15:46:09
94,21,111,0,15:46:09
94,21,121,1,15:46:10
94,21,121,1,15:46:10
10,42,112,101,15:46:11
10,42,112,102,15:46:11
10,42,112,102,15:46:12
10,42,112,102,15:46:12
10,42,112,102,15:46:13
10,42,112,102,15:46:14
10,42,112,103,15:46:14
10,42,112,103,15:46:15
10,42,112,103,15:46:15
10,42,112,103,15:46:16
10,42,112,103,15:46:16
10,42,113,103,15:46:17
10,42,113,103,15:46:17
10,42,113,103,15:46:18
10,42,113,103,15:46:18
10,42,112,103,15:46:19
10,42,113,103,15:46:20
10,42,113,103,15:46:20
10,42,113,103,15:46:21
10,42,113,103,15:46:21
10,42,113,103,15:46:22
10,42,113,103,15:46:22
10,42,113,103,15:46:23
10,42,113,103,15:46:23
10,42,113,103,15:46:24
10,42,114,103,15:46:25
10,42,113,103,15:46:25
10,42,113,103,15:46:26
10,42,113,103,15:46:26
10,42,113,103,15:46:27
10,42,113,103,15:46:27
10,42,113,103,15:46:28
10,42,113,102,15:46:28
10,42,113,103,15:46:29
10,42,113,102,15:46:29
10,42,112,102,15:46:30
10,42,113,101,15:46:31
10,42,113,102,15:46:31
10,42,113,101,15:46:32
10,42,113,102,15:46:32
10,42,113,102,15:46:33
10,42,113,102,15:46:33
10,42,114,101,15:46:34
10,42,114,102,15:46:34
10,42,114,102,15:46:35
10,42,114,102,15:46:36
10,42,114,102,15:46:36
10,42,114,102,15:46:37
10,42,114,101,15:46:37
10,42,114,101,15:46:38
10,42,114,101,15:46:38
10,42,114,101,15:46:39
10,42,113,101,15:46:39
10,42,113,100,15:46:40
10,42,114,101,15:46:40
10,42,113,100,15:46:41
10,42,114,100,15:46:42
10,42,114,100,15:46:42
10,42,113,99,15:46:43
10,42,114,99,15:46:43
10,42,114,100,15:46:44
10,42,114,100,15:46:44
10,42,114,100,15:46:45
10,42,114,100,15:46:45
10,42,114,100,15:46:46
10,42,114,101,15:46:47
10,42,114,100,15:46:47
10,42,114,101,15:46:48
10,42,115,101,15:46:48
10,42,115,101,15:46:49
10,42,114,101,15:46:49
10,42,115,101,15:46:50
10,42,115,100,15:46:50
10,42,115,100,15:46:51
10,42,115,100,15:46:52
10,42,115,100,15:46:52
10,42,115,100,15:46:53
10,42,115,100,15:46:53
10,42,115,100,15:46:54
10,42,116,100,15:46:54
10,42,115,100,15:46:55
10,42,116,101,15:46:55
10,42,116,101,15:46:56
10,42,116,100,15:46:56
10,42,116,101,15:46:57
10,42,116,101,15:46:58
10,42,116,101,15:46:58
10,42,115,101,15:46:59
10,42,115,101,15:46:59
10,42,116,101,15:47:00
10,42,115,101,15:47:00
10,42,116,101,15:47:01
10,42,116,101,15:47:01
10,42,116,101,15:47:02
10,42,116,101,15:47:03
10,42,116,101,15:47:03
10,42,117,101,15:47:04
10,42,116,101,15:47:04
10,42,116,101,15:47:05
10,42,116,101,15:47:05
10,42,116,100,15:47:06
10,42,116,100,15:47:06
10,42,115,101,15:47:07
10,42,116,100,15:47:07
10,42,116,100,15:47:08
10,42,116,100,15:47:09
10,42,115,100,15:47:09
10,42,115,100,15:47:10
10,42,116,100,15:47:10
10,42,115,100,15:47:11
10,42,114,100,15:47:11
10,42,115,99,15:47:12
10,42,115,100,15:47:12
10,42,115,100,15:47:13
10,42,114,99,15:47:14
10,42,115,99,15:47:14
10,42,115,99,15:47:15
10,42,115,99,15:47:15
10,42,115,99,15:47:16
10,42,115,99,15:47:16
10,42,116,98,15:47:17
10,42,115,98,15:47:17
10,42,115,97,15:47:18
10,42,115,97,15:47:18
10,42,115,96,15:47:19
10,42,114,96,15:47:20
10,42,114,96,15:47:20
10,42,114,96,15:47:21
10,42,114,96,15:47:21
10,42,114,97,15:47:22
10,42,114,97,15:47:22
10,42,114,96,15:47:23
10,42,114,97,15:47:23
10,42,115,97,15:47:24
10,42,114,97,15:47:25
10,42,114,97,15:47:25
10,42,114,97,15:47:26
10,42,115,97,15:47:26
10,42,114,97,15:47:27
10,42,115,97,15:47:27
10,42,115,98,15:47:28
10,42,115,97,15:47:28
10,42,115,98,15:47:29
10,42,115,98,15:47:29
10,42,115,98,15:47:30
10,42,115,99,15:47:31
10,42,115,99,15:47:31
10,42,115,99,15:47:32
10,42,115,99,15:47:32
10,42,115,99,15:47:33
10,42,115,98,15:47:33
10,42,114,98,15:47:34
10,42,114,97,15:47:34
10,42,114,98,15:47:35
10,42,114,98,15:47:36
10,42,115,98,15:47:36
10,42,114,97,15:47:37
10,42,114,98,15:47:37
10,42,114,97,15:47:38
10,42,114,96,15:47:38
10,42,113,95,15:47:39
10,42,114,96,15:47:39
10,42,114,95,15:47:40
10,42,114,96,15:47:40
10,42,114,95,15:47:41
10,42,114,96,15:47:42
10,42,114,96,15:47:42
10,42,114,97,15:47:43
10,42,115,98,15:47:43
10,42,114,98,15:47:44
10,42,114,98,15:47:44
10,42,114,99,15:47:45
10,42,114,99,15:47:45
10,42,114,99,15:47:46
10,42,114,99,15:47:47
10,42,115,99,15:47:47
10,42,115,99,15:47:48
10,42,114,99,15:47:48
10,42,115,99,15:47:49
10,42,115,99,15:47:49
10,42,115,99,15:47:50
10,42,114,100,15:47:50
10,42,114,100,15:47:51
10,42,114,100,15:47:52
10,42,114,98,15:47:52
10,42,114,99,15:47:53
10,42,113,98,15:47:53
10,42,113,97,15:47:54
10,42,114,98,15:47:54
10,42,114,98,15:47:55
10,42,114,98,15:47:55
10,42,114,98,15:47:56
10,42,114,98,15:47:56
10,42,114,99,15:47:57
10,42,114,98,15:47:58
10,42,114,99,15:47:58
10,42,114,99,15:47:59
10,42,114,99,15:47:59
10,42,114,99,15:48:00
10,42,114,99,15:48:00
10,42,114,99,15:48:01
10,42,114,99,15:48:01
10,42,114,99,15:48:02
10,42,114,99,15:48:03
10,42,114,99,15:48:03
10,42,114,99,15:48:04
10,42,114,98,15:48:04
10,42,114,99,15:48:05
10,42,114,98,15:48:05
10,42,114,97,15:48:06
10,42,114,97,15:48:06
10,42,114,97,15:48:07
10,42,113,97,15:48:07
10,42,113,96,15:48:08
10,42,113,96,15:48:09
10,42,113,97,15:48:09
10,42,113,97,15:48:10
10,42,113,97,15:48:10
10,42,113,97,15:48:11
10,42,113,97,15:48:11
10,42,113,97,15:48:12
10,42,113,97,15:48:12
10,42,113,97,15:48:13
10,42,113,97,15:48:14
10,42,113,98,15:48:14
10,42,113,97,15:48:15
10,42,113,97,15:48:15
10,42,113,97,15:48:16
10,42,113,98,15:48:16
10,42,113,97,15:48:17
10,42,113,97,15:48:17
10,42,113,97,15:48:18
10,42,112,98,15:48:18
10,42,113,97,15:48:19
10,42,112,97,15:48:20
10,42,112,98,15:48:20
10,42,112,97,15:48:21
10,42,112,97,15:48:21
10,42,112,97,15:48:22
10,42,112,97,15:48:22
10,42,112,97,15:48:23
10,42,112,97,15:48:23
10,42,112,97,15:48:24
10,42,112,97,15:48:25
10,42,112,96,15:48:25
10,42,111,96,15:48:26
10,42,112,96,15:48:26
10,42,112,96,15:48:27
10,42,112,97,15:48:27
10,42,111,96,15:48:28
10,42,111,96,15:48:28
10,42,111,95,15:48:29
10,42,111,96,15:48:30
10,42,111,96,15:48:30
10,42,111,96,15:48:31
10,42,111,95,15:48:31
10,42,111,95,15:48:32
10,42,111,95,15:48:32
10,42,111,95,15:48:33
10,42,111,95,15:48:33
10,42,111,95,15:48:34
10,42,111,95,15:48:34
10,42,111,95,15:48:35
10,42,111,95,15:48:36
94,21,110,95,15:48:36
94,21,110,95,15:48:37
94,21,110,95,15:48:37
94,21,110,95,15:48:38
94,21,110,95,15:48:38
94,21,110,95,15:48:39
94,21,110,95,15:48:39
94,21,110,95,15:48:40
94,21,110,95,15:48:41
94,21,110,94,15:48:41
94,21,100,94,15:48:42
94,21,110,95,15:48:42
94,21,110,95,15:48:43
94,21,110,95,15:48:43
94,21,110,95,15:48:44
94,21,100,94,15:48:44
94,21,100,94,15:48:45
94,21,110,94,15:48:45
94,21,110,94,15:48:46
94,21,100,94,15:48:47
10,42,110,94,15:48:47
10,42,110,94,15:48:48
10,42,111,95,15:48:48
10,42,110,94,15:48:49
94,21,100,94,15:48:49
94,21,110,94,15:48:50
94,21,110,94,15:48:50
94,21,100,93,15:48:51
94,21,100,93,15:48:52
94,21,100,92,15:48:52
94,21,100,91,15:48:53
94,21,100,92,15:48:53
10,42,110,92,15:48:54
10,42,110,92,15:48:54
10,42,110,92,15:48:55
10,42,110,93,15:48:55
10,42,110,92,15:48:56
10,42,110,92,15:48:56
10,42,110,93,15:48:57
10,42,110,92,15:48:58
94,21,100,93,15:48:58
94,21,100,92,15:48:59
94,21,100,92,15:48:59
94,21,100,91,15:49:00
94,21,100,91,15:49:00
94,21,110,92,15:49:01
94,21,110,92,15:49:01
94,21,110,92,15:49:02
94,21,110,93,15:49:03
94,21,110,93,15:49:03
94,21,110,94,15:49:04
94,21,110,94,15:49:04
94,21,110,94,15:49:05
94,21,110,94,15:49:05
94,21,120,95,15:49:06
94,21,110,95,15:49:06
94,21,110,95,15:49:07
94,21,120,96,15:49:07
94,21,110,96,15:49:08
94,21,120,96,15:49:09
94,21,110,96,15:49:09
94,21,110,96,15:49:10
94,21,120,97,15:49:10
94,21,110,97,15:49:11
94,21,110,97,15:49:11
94,21,110,96,15:49:12
94,21,110,96,15:49:12
94,21,110,95,15:49:13
94,21,110,96,15:49:14
94,21,110,95,15:49:14
94,21,110,96,15:49:15
94,21,110,95,15:49:15
94,21,110,96,15:49:16
94,21,110,96,15:49:16
94,21,110,96,15:49:17
94,21,110,96,15:49:17
94,21,110,96,15:49:18
94,21,110,96,15:49:18
94,21,110,97,15:49:19
94,21,110,97,15:49:20
94,21,110,97,15:49:20
94,21,120,97,15:49:21
94,21,110,97,15:49:21
94,21,110,97,15:49:22
94,21,120,97,15:49:22
94,21,110,97,15:49:23
94,21,120,97,15:49:23
94,21,110,97,15:49:24
94,21,110,96,15:49:25
94,21,110,96,15:49:25
94,21,110,96,15:49:26
94,21,110,95,15:49:26
94,21,100,94,15:49:27
94,21,100,94,15:49:27
94,21,100,95,15:49:28
94,21,100,95,15:49:28
94,21,110,96,15:49:29
94,21,110,96,15:49:29
94,21,100,96,15:49:30
94,21,100,96,15:49:31
94,21,110,97,15:49:31
94,21,100,97,15:49:32
94,21,100,97,15:49:32
94,21,100,97,15:49:33
94,21,100,97,15:49:33
94,21,100,97,15:49:34
94,21,110,97,15:49:34
94,21,100,97,15:49:35
94,21,100,97,15:49:36
94,21,100,97,15:49:36
94,21,100,96,15:49:37
94,21,100,97,15:49:37
94,21,100,97,15:49:38
94,21,100,97,15:49:38
94,21,100,97,15:49:39
94,21,100,97,15:49:39
94,21,100,97,15:49:40
94,21,100,97,15:49:41
94,21,100,97,15:49:41
94,21,100,97,15:49:42
94,21,100,96,15:49:42
94,21,100,96,15:49:43
94,21,90,96,15:49:43
94,21,100,96,15:49:44
94,21,100,96,15:49:44
94,21,110,96,15:49:45
94,21,100,97,15:49:45
94,21,100,96,15:49:46
94,21,100,96,15:49:47
94,21,100,96,15:49:47
94,21,90,96,15:49:48
94,21,100,96,15:49:48
94,21,100,96,15:49:49
94,21,100,95,15:49:49
94,21,100,96,15:49:50
94,21,100,96,15:49:50
94,21,100,96,15:49:51
94,21,90,95,15:49:52
94,21,90,95,15:49:52
94,21,90,96,15:49:53
94,21,90,96,15:49:53
94,21,90,96,15:49:54
94,21,90,95,15:49:54
94,21,90,96,15:49:55
94,21,90,95,15:49:55
94,21,90,96,15:49:56
94,21,90,96,15:49:56
94,21,90,95,15:49:57
94,21,90,96,15:49:58
94,21,90,96,15:49:58
94,21,90,96,15:49:59
94,21,80,95,15:49:59
94,21,90,95,15:50:00
94,21,80,95,15:50:00
94,21,80,95,15:50:01
94,21,80,95,15:50:01
94,21,90,96,15:50:02
94,21,80,95,15:50:03
94,21,90,95,15:50:03
94,21,90,95,15:50:04
94,21,80,95,15:50:04
94,21,80,95,15:50:05
94,21,90,95,15:50:05
94,21,90,95,15:50:06
94,21,90,95,15:50:06
94,21,90,95,15:50:07
94,21,90,95,15:50:07
94,21,80,95,15:50:08
94,21,90,95,15:50:09
94,21,80,95,15:50:09
94,21,80,96,15:50:10
94,21,90,95,15:50:10
94,21,90,96,15:50:11
94,21,90,95,15:50:11
94,21,90,96,15:50:12
94,21,80,95,15:50:12
94,21,80,96,15:50:13
94,21,80,96,15:50:14
94,21,80,96,15:50:14
94,21,80,95,15:50:15
94,21,80,95,15:50:15
94,21,80,95,15:50:16
94,21,70,95,15:50:16
94,21,80,95,15:50:17
94,21,80,95,15:50:17
94,21,80,95,15:50:18
94,21,80,95,15:50:18
94,21,70,94,15:50:19
94,21,70,94,15:50:20
94,21,80,95,15:50:20
94,21,70,94,15:50:21
94,21,80,94,15:50:21
94,21,80,94,15:50:22
94,21,80,94,15:50:22
94,21,70,94,15:50:23
94,21,70,94,15:50:23
94,21,80,94,15:50:24
94,21,70,94,15:50:25
94,21,80,94,15:50:25
94,21,70,94,15:50:26
94,21,70,94,15:50:26
94,21,70,94,15:50:27
94,21,70,94,15:50:27
94,21,70,94,15:50:28
94,21,70,94,15:50:28
94,21,70,94,15:50:29
94,21,70,94,15:50:29
94,21,70,94,15:50:30
94,21,70,94,15:50:31
94,21,70,94,15:50:31
94,21,70,94,15:50:32
94,21,70,94,15:50:32
94,21,70,94,15:50:33
94,21,70,94,15:50:33
94,21,70,94,15:50:34
94,21,70,94,15:50:34
94,21,70,94,15:50:35
94,21,70,94,15:50:36
94,21,70,94,15:50:36
94,21,70,94,15:50:37
94,21,70,94,15:50:37
94,21,70,94,15:50:38
94,21,70,94,15:50:38
94,21,70,94,15:50:39
94,21,70,94,15:50:39
94,21,70,94,15:50:40
94,21,70,94,15:50:40
94,21,70,94,15:50:41
94,21,70,94,15:50:42
94,21,70,94,15:50:42
94,21,70,94,15:50:43
94,21,70,94,15:50:43
94,21,70,94,15:50:44
94,21,60,94,15:50:44
94,21,70,94,15:50:45
94,21,70,94,15:50:45
94,21,70,94,15:50:46
94,21,60,94,15:50:47
94,21,70,94,15:50:47
94,21,60,94,15:50:48
94,21,60,94,15:50:48
94,21,70,94,15:50:49
94,21,60,94,15:50:49
94,21,60,94,15:50:50
10,42,106,94,15:50:50
10,42,107,94,15:50:51
10,42,107,94,15:50:52
10,42,106,94,15:50:52
10,42,107,94,15:50:53
10,42,107,94,15:50:53
10,42,106,94,15:50:54
10,42,107,95,15:50:54
94,21,60,94,15:50:55
94,21,70,94,15:50:55
94,21,60,94,15:50:56
94,21,60,94,15:50:56
10,42,106,94,15:50:57
10,42,106,94,15:50:58
10,42,106,94,15:50:58
10,42,106,94,15:50:59
10,42,106,94,15:50:59
10,42,106,94,15:51:00
10,42,106,93,15:51:00
10,42,106,93,15:51:01
94,21,60,93,15:51:01
94,21,60,94,15:51:02
94,21,60,93,15:51:03
94,21,60,93,15:51:03
10,42,106,93,15:51:04
10,42,106,94,15:51:04
10,42,107,94,15:51:05
10,42,106,94,15:51:05
10,42,106,93,15:51:06
10,42,106,93,15:51:06
10,42,106,94,15:51:07
10,42,106,93,15:51:07
10,42,106,94,15:51:08
10,42,106,93,15:51:09
10,42,106,93,15:51:09
10,42,106,93,15:51:10
10,42,106,93,15:51:10
10,42,105,93,15:51:11
10,42,105,93,15:51:11
10,42,106,93,15:51:12
10,42,106,93,15:51:12
10,42,105,93,15:51:13
10,42,105,93,15:51:14
10,42,106,93,15:51:14
10,42,106,93,15:51:15
10,42,106,93,15:51:15
10,42,106,93,15:51:16
10,42,106,93,15:51:16
10,42,105,93,15:51:17
10,42,106,93,15:51:17
10,42,106,93,15:51:18
10,42,105,93,15:51:18
10,42,105,93,15:51:19
10,42,105,93,15:51:20
10,42,106,93,15:51:20
10,42,106,93,15:51:21
10,42,106,93,15:51:21
10,42,106,93,15:51:22
10,42,106,92,15:51:22
10,42,105,92,15:51:23
10,42,105,92,15:51:23
10,42,105,92,15:51:24
10,42,104,91,15:51:25
10,42,104,91,15:51:25
10,42,105,91,15:51:26
10,42,105,91,15:51:26
10,42,105,91,15:51:27
10,42,105,91,15:51:27
10,42,105,92,15:51:28
10,42,104,90,15:51:28
10,42,104,90,15:51:29
10,42,105,89,15:51:29
10,42,105,90,15:51:30
10,42,106,91,15:51:31
10,42,107,91,15:51:31
10,42,108,92,15:51:32
10,42,107,92,15:51:32
10,42,108,93,15:51:33
10,42,108,93,15:51:33
10,42,109,94,15:51:34
94,21,80,94,15:51:34
94,21,90,95,15:51:35
94,21,100,95,15:51:36
94,21,90,95,15:51:36
94,21,100,95,15:51:37
94,21,90,94,15:51:37
94,21,80,94,15:51:38
94,21,80,94,15:51:38
94,21,80,94,15:51:39
94,21,90,94,15:51:39
94,21,90,95,15:51:40
94,21,100,95,15:51:40
94,21,90,95,15:51:41
94,21,100,95,15:51:42
94,21,100,95,15:51:42
94,21,100,95,15:51:43
94,21,110,95,15:51:43
94,21,110,95,15:51:44
94,21,110,96,15:51:44
94,21,110,96,15:51:45
94,21,110,96,15:51:45
94,21,120,97,15:51:46
94,21,120,98,15:51:47
94,21,120,98,15:51:47
94,21,120,98,15:51:48
94,21,110,99,15:51:48
94,21,120,98,15:51:49
94,21,120,98,15:51:49
94,21,120,99,15:51:50
94,21,121,0,15:51:50
94,21,121,0,15:51:51
94,21,121,0,15:51:51
94,21,121,0,15:51:52
94,21,121,1,15:51:53
94,21,121,0,15:51:53
94,21,111,0,15:51:54
94,21,121,0,15:51:54
94,21,121,0,15:51:55
94,21,121,0,15:51:55
94,21,121,0,15:51:56
94,21,121,1,15:51:56
94,21,131,2,15:51:57
94,21,131,1,15:51:58
94,21,131,1,15:51:58
94,21,131,2,15:51:59
94,21,131,1,15:51:59
94,21,131,1,15:52:00
94,21,131,1,15:52:00
94,21,141,2,15:52:01
94,21,141,2,15:52:01
94,21,141,2,15:52:02
94,21,141,1,15:52:03
94,21,141,2,15:52:03
94,21,141,1,15:52:04
94,21,131,0,15:52:04
94,21,141,1,15:52:05
94,21,141,1,15:52:05
94,21,141,1,15:52:06
94,21,131,1,15:52:06
94,21,141,2,15:52:07
94,21,131,2,15:52:07
94,21,131,2,15:52:08
94,21,131,2,15:52:09
94,21,131,2,15:52:09
94,21,131,2,15:52:10
94,21,131,2,15:52:10
94,21,131,2,15:52:11
94,21,131,2,15:52:11
94,21,131,2,15:52:12
94,21,131,2,15:52:12
94,21,131,2,15:52:13
94,21,131,2,15:52:14
94,21,131,2,15:52:14
94,21,121,1,15:52:15
94,21,121,1,15:52:15
94,21,121,1,15:52:16
94,21,121,1,15:52:16
94,21,121,0,15:52:17
94,21,111,0,15:52:17
94,21,111,0,15:52:18
94,21,111,0,15:52:18
94,21,111,0,15:52:19
94,21,111,0,15:52:20
94,21,111,0,15:52:20
94,21,111,0,15:52:21
94,21,110,99,15:52:21
94,21,111,0,15:52:22
94,21,110,99,15:52:22
94,21,110,99,15:52:23
94,21,121,0,15:52:23
94,21,111,0,15:52:24
94,21,111,0,15:52:25
94,21,111,0,15:52:25
94,21,111,0,15:52:26
94,21,121,0,15:52:26
94,21,111,0,15:52:27
94,21,121,0,15:52:27
94,21,121,0,15:52:28
94,21,111,0,15:52:28
94,21,121,0,15:52:29
94,21,121,0,15:52:30
94,21,121,0,15:52:30
94,21,121,0,15:52:31
94,21,121,0,15:52:31
94,21,111,0,15:52:32
94,21,111,0,15:52:32
94,21,111,0,15:52:33
94,21,111,0,15:52:33
94,21,110,99,15:52:34
94,21,110,99,15:52:34
94,21,110,98,15:52:35
94,21,110,97,15:52:36
94,21,110,98,15:52:36
94,21,110,98,15:52:37
94,21,110,98,15:52:37
94,21,110,99,15:52:38
94,21,110,99,15:52:38
94,21,110,99,15:52:39
94,21,110,99,15:52:39
94,21,110,99,15:52:40
94,21,111,0,15:52:41
94,21,111,0,15:52:41
94,21,111,0,15:52:42
94,21,110,99,15:52:42
94,21,101,0,15:52:43
94,21,110,99,15:52:43
94,21,110,99,15:52:44
94,21,110,99,15:52:44
94,21,100,99,15:52:45
94,21,100,99,15:52:45
94,21,110,99,15:52:46
94,21,100,99,15:52:47
94,21,110,99,15:52:47
94,21,110,99,15:52:48
94,21,110,99,15:52:48
94,21,100,99,15:52:49
94,21,100,98,15:52:49
94,21,100,98,15:52:50
94,21,100,98,15:52:50
94,21,100,98,15:52:51
94,21,100,98,15:52:52
94,21,100,98,15:52:52
94,21,100,98,15:52:53
94,21,100,97,15:52:53
94,21,100,98,15:52:54
94,21,90,97,15:52:54
94,21,100,98,15:52:55
94,21,90,97,15:52:55
94,21,90,97,15:52:56
94,21,100,98,15:52:56
94,21,90,97,15:52:57
94,21,90,97,15:52:58
94,21,90,97,15:52:58
94,21,90,97,15:52:59
94,21,80,97,15:52:59
94,21,90,97,15:53:00
94,21,90,97,15:53:00
94,21,80,96,15:53:01
94,21,80,96,15:53:01
94,21,90,96,15:53:02
94,21,80,96,15:53:03
94,21,90,97,15:53:03
94,21,90,96,15:53:04
94,21,90,96,15:53:04
94,21,80,96,15:53:05
94,21,80,96,15:53:05
94,21,80,96,15:53:06
94,21,80,96,15:53:06
94,21,80,95,15:53:07
94,21,80,96,15:53:07
94,21,80,96,15:53:08
94,21,70,96,15:53:09
94,21,80,96,15:53:09
94,21,80,96,15:53:10
94,21,90,96,15:53:10
94,21,90,96,15:53:11
94,21,90,96,15:53:11
94,21,90,96,15:53:12
94,21,90,96,15:53:12
94,21,90,97,15:53:13
94,21,100,97,15:53:14
94,21,90,97,15:53:14
94,21,100,97,15:53:15
94,21,90,96,15:53:15
94,21,90,96,15:53:16
94,21,90,96,15:53:16
94,21,90,96,15:53:17
94,21,90,96,15:53:17
94,21,90,97,15:53:18
94,21,100,97,15:53:18
94,21,100,96,15:53:19
94,21,100,97,15:53:20
94,21,100,97,15:53:20
94,21,100,97,15:53:21
94,21,100,98,15:53:21
94,21,100,97,15:53:22
94,21,100,97,15:53:22
94,21,100,98,15:53:23
94,21,100,98,15:53:23
94,21,100,98,15:53:24
94,21,110,98,15:53:25
94,21,110,97,15:53:25
94,21,110,97,15:53:26
94,21,110,98,15:53:26
94,21,110,97,15:53:27
94,21,100,98,15:53:27
94,21,110,98,15:53:28
94,21,110,98,15:53:28
94,21,100,98,15:53:29
94,21,110,98,15:53:30
94,21,110,98,15:53:30
94,21,110,99,15:53:31
94,21,110,99,15:53:31
94,21,110,98,15:53:32
94,21,110,98,15:53:32
94,21,110,98,15:53:33
94,21,110,98,15:53:33
94,21,110,98,15:53:34
94,21,120,99,15:53:34
94,21,110,98,15:53:35
94,21,110,98,15:53:36
94,21,110,98,15:53:36
94,21,110,98,15:53:37
94,21,120,98,15:53:37
94,21,120,98,15:53:38
94,21,120,99,15:53:38
94,21,120,99,15:53:39
94,21,120,98,15:53:39
94,21,130,99,15:53:40
94,21,130,99,15:53:41
94,21,140,99,15:53:41
94,21,131,0,15:53:42
94,21,141,0,15:53:42
94,21,141,1,15:53:43
94,21,141,0,15:53:43
94,21,141,1,15:53:44
94,21,141,2,15:53:44
94,21,141,1,15:53:45
94,21,141,1,15:53:45
94,21,141,1,15:53:46
94,21,141,2,15:53:47
94,21,131,2,15:53:47
94,21,141,2,15:53:48
94,21,141,2,15:53:48
94,21,141,2,15:53:49
94,21,141,3,15:53:49
94,21,141,3,15:53:50
94,21,141,3,15:53:50
94,21,141,3,15:53:51
94,21,141,3,15:53:52
94,21,141,3,15:53:52
94,21,141,3,15:53:53
94,21,141,3,15:53:53
94,21,141,3,15:53:54
94,21,131,3,15:53:54
94,21,141,3,15:53:55
94,21,141,3,15:53:55
94,21,141,4,15:53:56
94,21,141,3,15:53:56
94,21,141,3,15:53:57
94,21,141,3,15:53:58
94,21,131,3,15:53:58
94,21,131,3,15:53:59
94,21,141,3,15:53:59
94,21,141,3,15:54:00
94,21,131,2,15:54:00
94,21,121,1,15:54:01
94,21,131,1,15:54:01
94,21,121,0,15:54:02
94,21,131,1,15:54:03
94,21,131,1,15:54:03
94,21,121,0,15:54:04
94,21,121,0,15:54:04
94,21,121,0,15:54:05
94,21,131,0,15:54:05
94,21,121,0,15:54:06
94,21,131,1,15:54:06
94,21,121,0,15:54:07
94,21,121,0,15:54:07
94,21,121,0,15:54:08
94,21,121,0,15:54:09
94,21,120,99,15:54:09
94,21,120,98,15:54:10
94,21,130,99,15:54:10
94,21,131,0,15:54:11
94,21,141,1,15:54:11
94,21,141,1,15:54:12
94,21,141,1,15:54:12
94,21,141,1,15:54:13
94,21,141,1,15:54:14
94,21,141,1,15:54:14
94,21,131,1,15:54:15
94,21,141,1,15:54:15
94,21,141,1,15:54:16
94,21,131,1,15:54:16
94,21,141,1,15:54:17
94,21,141,1,15:54:17
94,21,141,2,15:54:18
94,21,141,1,15:54:18
94,21,141,2,15:54:19
94,21,141,1,15:54:20
94,21,131,1,15:54:20
94,21,141,1,15:54:21
94,21,131,1,15:54:21
94,21,141,2,15:54:22
94,21,131,1,15:54:22
94,21,131,1,15:54:23
94,21,141,2,15:54:23
94,21,131,1,15:54:24
94,21,131,1,15:54:25
94,21,141,2,15:54:25
94,21,141,2,15:54:26
94,21,131,1,15:54:26
94,21,131,2,15:54:27
94,21,131,1,15:54:27
94,21,131,1,15:54:28
94,21,141,2,15:54:28
94,21,141,2,15:54:29
94,21,141,2,15:54:29
94,21,131,2,15:54:30
94,21,141,2,15:54:31
94,21,141,2,15:54:31
94,21,131,1,15:54:32
94,21,141,2,15:54:32
94,21,131,1,15:54:33
94,21,131,1,15:54:33
94,21,131,1,15:54:34
94,21,121,1,15:54:34
94,21,131,0,15:54:35
94,21,131,1,15:54:36
94,21,121,0,15:54:36
94,21,131,1,15:54:37
94,21,131,1,15:54:37
94,21,121,0,15:54:38
94,21,120,99,15:54:38
94,21,120,98,15:54:39
94,21,120,97,15:54:39
94,21,110,96,15:54:40
94,21,120,96,15:54:41
94,21,120,97,15:54:41
94,21,120,96,15:54:42
94,21,120,96,15:54:42
94,21,120,96,15:54:43
94,21,130,97,15:54:43
94,21,130,98,15:54:44
94,21,130,98,15:54:44
94,21,130,99,15:54:45
94,21,120,99,15:54:45
94,21,120,99,15:54:46
94,21,120,99,15:54:47
94,21,131,0,15:54:47
94,21,121,0,15:54:48
94,21,131,0,15:54:48
94,21,131,1,15:54:49
94,21,131,1,15:54:49
94,21,131,1,15:54:50
94,21,131,2,15:54:50
94,21,131,1,15:54:51
94,21,131,2,15:54:52
94,21,131,2,15:54:52
94,21,131,2,15:54:53
94,21,141,2,15:54:53
94,21,131,1,15:54:54
94,21,141,2,15:54:54
94,21,131,2,15:54:55
94,21,141,2,15:54:55
94,21,141,2,15:54:56
94,21,141,2,15:54:56
94,21,141,2,15:54:57
94,21,141,3,15:54:58
94,21,131,2,15:54:58
94,21,131,2,15:54:59
94,21,131,2,15:54:59
94,21,131,2,15:55:00
94,21,131,3,15:55:00
94,21,131,2,15:55:01
94,21,131,2,15:55:01
94,21,121,2,15:55:02
94,21,121,2,15:55:03
94,21,121,2,15:55:03
94,21,131,3,15:55:04
94,21,121,2,15:55:04
94,21,131,2,15:55:05
94,21,121,2,15:55:05
94,21,131,2,15:55:06
94,21,131,3,15:55:06
94,21,131,3,15:55:07
94,21,131,2,15:55:07
94,21,131,3,15:55:08
94,21,131,3,15:55:09
94,21,131,3,15:55:09
94,21,131,2,15:55:10
94,21,131,2,15:55:10
94,21,131,3,15:55:11
94,21,131,2,15:55:11
94,21,131,2,15:55:12
94,21,121,2,15:55:12
94,21,121,2,15:55:13
94,21,121,3,15:55:14
94,21,121,2,15:55:14
94,21,121,2,15:55:15
94,21,121,2,15:55:15
94,21,121,1,15:55:16
94,21,121,2,15:55:16
94,21,121,1,15:55:17
94,21,111,1,15:55:17
94,21,111,1,15:55:18
94,21,111,1,15:55:18
94,21,110,99,15:55:19
94,21,100,97,15:55:20
94,21,100,96,15:55:20
94,21,100,96,15:55:21
94,21,100,96,15:55:21
94,21,100,96,15:55:22
94,21,100,96,15:55:22
94,21,100,96,15:55:23
94,21,100,96,15:55:23
94,21,100,96,15:55:24
94,21,90,94,15:55:25
94,21,90,93,15:55:25
94,21,90,92,15:55:26
94,21,80,92,15:55:26
94,21,90,93,15:55:27
94,21,90,94,15:55:27
94,21,90,95,15:55:28
94,21,100,96,15:55:28
94,21,110,97,15:55:29
94,21,110,99,15:55:29
94,21,120,99,15:55:30
94,21,111,0,15:55:31
94,21,121,1,15:55:31
94,21,111,1,15:55:32
94,21,111,2,15:55:32
94,21,121,2,15:55:33
94,21,111,2,15:55:33
94,21,121,3,15:55:34
94,21,121,3,15:55:34
94,21,121,3,15:55:35
94,21,121,3,15:55:36
94,21,121,3,15:55:36
94,21,121,3,15:55:37
94,21,121,3,15:55:37
94,21,121,3,15:55:38
94,21,111,3,15:55:38
94,21,121,3,15:55:39
94,21,121,3,15:55:39
94,21,121,3,15:55:40
94,21,121,3,15:55:41
94,21,121,3,15:55:41
94,21,121,3,15:55:42
94,21,121,3,15:55:42
94,21,121,3,15:55:43
94,21,121,3,15:55:43
94,21,121,3,15:55:44
94,21,121,3,15:55:44
94,21,121,3,15:55:45
94,21,121,3,15:55:45
94,21,121,3,15:55:46
94,21,121,2,15:55:47
94,21,121,3,15:55:47
94,21,121,3,15:55:48
94,21,111,2,15:55:48
94,21,111,2,15:55:49
94,21,121,2,15:55:49
94,21,111,2,15:55:50
94,21,111,2,15:55:50
94,21,111,2,15:55:51
94,21,111,1,15:55:52
94,21,111,1,15:55:52
94,21,111,1,15:55:53
94,21,111,0,15:55:53
94,21,111,1,15:55:54
94,21,111,0,15:55:54
94,21,111,0,15:55:55
94,21,111,0,15:55:55
94,21,101,0,15:55:56
94,21,101,0,15:55:56
94,21,111,0,15:55:57
94,21,111,0,15:55:58
94,21,111,0,15:55:58
94,21,111,0,15:55:59
94,21,111,0,15:55:59
94,21,111,0,15:56:00
94,21,110,99,15:56:00
94,21,111,0,15:56:01
94,21,110,99,15:56:01
94,21,100,99,15:56:02
94,21,100,99,15:56:03
94,21,100,98,15:56:03
94,21,100,98,15:56:04
94,21,100,98,15:56:04
94,21,110,98,15:56:05
94,21,110,99,15:56:05
94,21,110,99,15:56:06
94,21,111,0,15:56:06
94,21,111,0,15:56:07
94,21,121,1,15:56:07
94,21,121,1,15:56:08
94,21,121,1,15:56:09
94,21,121,1,15:56:09
94,21,131,1,15:56:10
94,21,131,2,15:56:10
94,21,121,2,15:56:11
94,21,131,2,15:56:11
94,21,131,2,15:56:12
94,21,131,2,15:56:12
94,21,131,2,15:56:13
94,21,131,2,15:56:14
94,21,121,2,15:56:14
94,21,131,2,15:56:15
94,21,131,2,15:56:15
94,21,121,2,15:56:16
94,21,121,1,15:56:16
94,21,131,2,15:56:17
94,21,121,2,15:56:17
94,21,121,0,15:56:18
94,21,121,0,15:56:19
94,21,121,0,15:56:19
94,21,131,1,15:56:20
94,21,121,1,15:56:20
94,21,131,1,15:56:21
94,21,131,2,15:56:21
94,21,121,2,15:56:22
94,21,131,2,15:56:22
94,21,121,2,15:56:23
94,21,121,2,15:56:23
94,21,121,2,15:56:24
94,21,121,2,15:56:25
94,21,121,2,15:56:25
94,21,121,2,15:56:26
94,21,121,2,15:56:26
94,21,121,3,15:56:27
94,21,121,2,15:56:27
94,21,121,3,15:56:28
94,21,121,2,15:56:28
94,21,121,2,15:56:29
94,21,121,2,15:56:30
94,21,121,2,15:56:30
94,21,121,2,15:56:31
94,21,121,2,15:56:31
94,21,121,2,15:56:32
94,21,131,2,15:56:32
94,21,121,2,15:56:33
94,21,121,2,15:56:33
94,21,121,2,15:56:34
94,21,121,1,15:56:34
94,21,121,2,15:56:35
94,21,121,2,15:56:36
94,21,121,2,15:56:36
94,21,121,2,15:56:37
94,21,111,1,15:56:37
94,21,121,1,15:56:38
94,21,121,1,15:56:38
94,21,111,1,15:56:39
94,21,111,1,15:56:39
94,21,111,1,15:56:40
94,21,121,1,15:56:41
94,21,111,1,15:56:41
94,21,111,1,15:56:42
94,21,111,1,15:56:42
94,21,121,1,15:56:43
94,21,121,1,15:56:43
94,21,111,1,15:56:44
94,21,121,1,15:56:44
94,21,121,0,15:56:45
94,21,121,1,15:56:45
94,21,121,1,15:56:46
94,21,121,0,15:56:47
94,21,121,0,15:56:47
94,21,120,99,15:56:48
94,21,120,98,15:56:48
94,21,120,98,15:56:49
94,21,120,99,15:56:49
94,21,110,99,15:56:50
94,21,111,0,15:56:50
94,21,111,0,15:56:51
94,21,111,0,15:56:52
94,21,111,0,15:56:52
94,21,111,0,15:56:53
94,21,111,0,15:56:53
94,21,111,0,15:56:54
94,21,111,1,15:56:54
94,21,111,1,15:56:55
94,21,111,1,15:56:55
94,21,101,0,15:56:56
94,21,100,99,15:56:56
94,21,90,98,15:56:57
94,21,90,98,15:56:58
94,21,100,98,15:56:58
94,21,100,95,15:56:59
94,21,90,95,15:56:59
94,21,90,97,15:57:00
94,21,90,97,15:57:00
94,21,100,97,15:57:01
94,21,80,95,15:57:01
94,21,80,94,15:57:02
94,21,110,94,15:57:03
94,21,110,93,15:57:03
94,21,120,93,15:57:04
94,21,120,93,15:57:04
94,21,120,94,15:57:05
94,21,120,94,15:57:05
94,21,120,95,15:57:06
94,21,120,94,15:57:06
94,21,120,95,15:57:07
94,21,120,97,15:57:08
94,21,120,99,15:57:08
94,21,131,0,15:57:09
94,21,131,1,15:57:09
94,21,131,2,15:57:10
94,21,131,2,15:57:10
94,21,131,3,15:57:11
94,21,131,4,15:57:11
94,21,121,3,15:57:12
94,21,121,3,15:57:12
94,21,121,3,15:57:13
94,21,121,4,15:57:14
94,21,121,4,15:57:14
94,21,121,5,15:57:15
94,21,121,5,15:57:15
84,31,121,6,15:57:16
84,31,121,6,15:57:16
84,31,121,6,15:57:17
84,31,121,5,15:57:17
84,31,121,5,15:57:18
84,31,121,6,15:57:19
84,31,121,6,15:57:19
84,31,121,6,15:57:20
84,31,131,6,15:57:20
84,31,121,7,15:57:21
84,31,121,7,15:57:21
84,31,121,7,15:57:22
84,31,121,6,15:57:22
84,31,121,6,15:57:23
84,31,121,7,15:57:23
84,31,121,7,15:57:24
84,31,121,6,15:57:25
84,31,121,6,15:57:25
84,31,121,6,15:57:26
84,31,121,6,15:57:26
84,31,121,6,15:57:27
84,31,121,6,15:57:27
84,31,121,6,15:57:28
84,31,121,5,15:57:28
84,31,121,5,15:57:29
84,31,111,5,15:57:30
84,31,111,5,15:57:30
84,31,111,5,15:57:31
84,31,121,4,15:57:31
84,31,111,4,15:57:32
84,31,111,4,15:57:32
84,31,111,3,15:57:33
94,21,111,3,15:57:33
94,21,101,3,15:57:34
94,21,101,3,15:57:34
94,21,111,3,15:57:35
84,31,101,2,15:57:36
84,31,101,3,15:57:36
84,31,111,3,15:57:37
84,31,101,3,15:57:37
84,31,91,0,15:57:38
84,31,80,97,15:57:38
84,31,90,96,15:57:39
84,31,90,96,15:57:39
94,21,90,97,15:57:40
94,21,90,98,15:57:41
94,21,90,99,15:57:41
94,21,91,0,15:57:42
84,31,101,1,15:57:42
84,31,101,1,15:57:43
84,31,101,2,15:57:43
84,31,91,2,15:57:44
84,31,101,3,15:57:44
84,31,101,3,15:57:45
84,31,101,3,15:57:45
84,31,101,3,15:57:46
94,21,101,3,15:57:47
94,21,101,3,15:57:47
94,21,101,3,15:57:48
94,21,101,3,15:57:48
84,31,101,3,15:57:49
84,31,101,3,15:57:49
84,31,101,2,15:57:50
84,31,90,99,15:57:50
84,31,90,97,15:57:51
84,31,90,96,15:57:52
84,31,90,95,15:57:52
84,31,90,94,15:57:53
94,21,90,93,15:57:53
94,21,80,94,15:57:54
94,21,80,95,15:57:54
94,21,80,96,15:57:55
84,31,80,97,15:57:55
84,31,90,98,15:57:56
84,31,91,0,15:57:56
84,31,91,0,15:57:57
84,31,91,1,15:57:58
84,31,91,3,15:57:58
84,31,91,4,15:57:59
84,31,91,4,15:57:59
84,31,91,4,15:58:00
84,31,91,5,15:58:00
84,31,91,5,15:58:01
84,31,91,5,15:58:01
84,31,91,5,15:58:02
84,31,91,4,15:58:03
84,31,91,3,15:58:03
84,31,91,4,15:58:04
84,31,91,4,15:58:04
84,31,101,4,15:58:05
84,31,101,5,15:58:05
84,31,101,5,15:58:06
84,31,101,5,15:58:06
84,31,101,5,15:58:07
84,31,101,6,15:58:08
84,31,101,7,15:58:08
84,31,101,7,15:58:09
84,31,101,6,15:58:09
84,31,101,7,15:58:10
84,31,101,7,15:58:10
84,31,101,7,15:58:11
84,31,101,8,15:58:11
84,31,101,7,15:58:12
84,31,101,7,15:58:12
84,31,101,7,15:58:13
84,31,101,7,15:58:14
84,31,101,7,15:58:14
84,31,101,7,15:58:15
84,31,101,6,15:58:15
84,31,101,6,15:58:16
84,31,101,7,15:58:16
84,31,101,6,15:58:17
84,31,101,6,15:58:17
84,31,101,6,15:58:18
84,31,91,6,15:58:19
84,31,101,6,15:58:19
84,31,101,5,15:58:20
84,31,101,5,15:58:20
84,31,101,5,15:58:21
84,31,101,5,15:58:21
84,31,101,5,15:58:22
84,31,91,5,15:58:22
84,31,101,5,15:58:23
84,31,101,5,15:58:23
94,21,101,4,15:58:24
94,21,101,4,15:58:25
94,21,101,3,15:58:25
94,21,91,4,15:58:26
94,21,101,3,15:58:26
94,21,91,3,15:58:27
94,21,101,3,15:58:27
94,21,91,3,15:58:28
94,21,91,3,15:58:28
94,21,91,3,15:58:29
94,21,91,4,15:58:30
94,21,91,3,15:58:30
94,21,91,2,15:58:31
94,21,91,2,15:58:31
94,21,91,2,15:58:32
94,21,91,2,15:58:32
94,21,91,3,15:58:33
94,21,91,3,15:58:33
94,21,81,3,15:58:34
94,21,81,2,15:58:35
94,21,91,3,15:58:35
94,21,91,3,15:58:36
94,21,91,3,15:58:36
94,21,81,3,15:58:37
94,21,91,3,15:58:37
94,21,81,2,15:58:38
94,21,81,2,15:58:38
94,21,91,2,15:58:39
94,21,81,2,15:58:39
94,21,81,1,15:58:40
94,21,81,1,15:58:41
94,21,81,1,15:58:41
94,21,81,1,15:58:42
94,21,81,1,15:58:42
94,21,81,2,15:58:43
94,21,81,2,15:58:43
94,21,81,2,15:58:44
94,21,81,2,15:58:44
94,21,81,1,15:58:45
94,21,81,2,15:58:46
94,21,81,2,15:58:46
94,21,81,2,15:58:47
94,21,81,2,15:58:47
94,21,81,2,15:58:48
94,21,81,2,15:58:48
94,21,81,2,15:58:49
94,21,81,2,15:58:49
94,21,81,1,15:58:50
94,21,81,2,15:58:50
94,21,71,1,15:58:51
94,21,81,1,15:58:52
94,21,71,1,15:58:52
94,21,71,1,15:58:53
94,21,81,1,15:58:53
94,21,71,1,15:58:54
94,21,71,1,15:58:54
94,21,71,1,15:58:55
94,21,71,0,15:58:55
94,21,71,1,15:58:56
94,21,71,1,15:58:57
94,21,71,0,15:58:57
94,21,71,0,15:58:58
94,21,61,0,15:58:58
94,21,71,0,15:58:59
94,21,61,0,15:58:59
94,21,60,99,15:59:00
94,21,60,99,15:59:00
94,21,60,99,15:59:01
94,21,60,99,15:59:01
94,21,70,99,15:59:02
94,21,60,99,15:59:03
94,21,60,99,15:59:03
94,21,60,99,15:59:04
94,21,60,98,15:59:04
94,21,60,98,15:59:05
94,21,60,99,15:59:05
94,21,60,99,15:59:06
94,21,50,98,15:59:06
94,21,60,98,15:59:07
94,21,60,98,15:59:08
94,21,50,98,15:59:08
94,21,60,98,15:59:09
94,21,60,98,15:59:09
94,21,50,97,15:59:10
94,21,60,98,15:59:10
94,21,50,98,15:59:11
94,21,50,98,15:59:11
94,21,60,97,15:59:12
94,21,50,97,15:59:13
94,21,60,98,15:59:13
94,21,60,97,15:59:14
94,21,60,98,15:59:14
94,21,50,97,15:59:15
94,21,50,97,15:59:15
94,21,60,97,15:59:16
94,21,50,97,15:59:16
94,21,60,97,15:59:17
94,21,50,97,15:59:17
94,21,50,97,15:59:18
94,21,60,98,15:59:19
94,21,60,98,15:59:19
94,21,60,98,15:59:20
94,21,60,98,15:59:20
94,21,60,98,15:59:21
94,21,60,98,15:59:21
94,21,60,97,15:59:22
94,21,60,98,15:59:22
94,21,60,98,15:59:23
94,21,60,98,15:59:24
94,21,60,97,15:59:24
94,21,60,98,15:59:25
94,21,60,98,15:59:25
94,21,60,98,15:59:26
94,21,60,97,15:59:26
94,21,60,98,15:59:27
94,21,50,97,15:59:27
94,21,60,97,15:59:28
94,21,60,97,15:59:28
94,21,50,97,15:59:29
94,21,50,97,15:59:30
94,21,50,97,15:59:30
94,21,50,97,15:59:31
94,21,50,96,15:59:31
94,21,50,97,15:59:32
94,21,50,97,15:59:32
94,21,50,97,15:59:33
94,21,50,97,15:59:33
94,21,50,96,15:59:34
94,21,50,96,15:59:35
94,21,50,97,15:59:35
94,21,50,96,15:59:36
94,21,50,97,15:59:36
94,21,50,96,15:59:37
94,21,50,96,15:59:37
94,21,50,96,15:59:38
94,21,50,96,15:59:38
94,21,50,96,15:59:39
94,21,40,96,15:59:39
94,21,50,96,15:59:40
94,21,50,96,15:59:41
94,21,50,96,15:59:41
94,21,50,96,15:59:42
94,21,50,96,15:59:42
94,21,50,95,15:59:43
94,21,50,96,15:59:43
94,21,50,96,15:59:44
94,21,50,95,15:59:44
94,21,50,96,15:59:45
94,21,50,96,15:59:46
94,21,50,96,15:59:46
94,21,50,96,15:59:47
94,21,50,96,15:59:47
94,21,50,96,15:59:48
94,21,50,96,15:59:48
94,21,50,96,15:59:49
94,21,50,96,15:59:49
94,21,50,96,15:59:50
94,21,50,96,15:59:50
94,21,50,96,15:59:51
94,21,50,96,15:59:52
94,21,50,96,15:59:52
94,21,50,97,15:59:53
94,21,50,96,15:59:53
94,21,50,97,15:59:54
94,21,50,96,15:59:54
94,21,50,96,15:59:55
94,21,50,96,15:59:55
94,21,50,96,15:59:56
94,21,50,96,15:59:57
94,21,50,96,15:59:57
94,21,50,96,15:59:58
94,21,60,97,15:59:58
94,21,60,97,15:59:59
94,21,60,97,15:59:59
94,21,60,97,16:00:00
94,21,60,97,16:00:00
94,21,50,96,16:00:01
94,21,50,96,16:00:01
94,21,50,97,16:00:02
94,21,50,96,16:00:03
94,21,60,97,16:00:03
94,21,50,97,16:00:04
94,21,50,97,16:00:04
94,21,50,96,16:00:05
94,21,60,97,16:00:05
94,21,50,96,16:00:06
94,21,60,97,16:00:06
94,21,50,96,16:00:07
94,21,50,96,16:00:08
94,21,60,97,16:00:08
94,21,50,96,16:00:09
94,21,50,96,16:00:09
94,21,50,97,16:00:10
94,21,50,97,16:00:10
94,21,50,96,16:00:11
94,21,50,96,16:00:11
94,21,50,96,16:00:12
94,21,50,96,16:00:13
94,21,50,96,16:00:13
94,21,50,96,16:00:14
94,21,50,96,16:00:14
94,21,50,96,16:00:15
94,21,50,96,16:00:15
94,21,50,96,16:00:16
94,21,50,96,16:00:16
94,21,50,96,16:00:17
94,21,50,96,16:00:17
94,21,50,96,16:00:18
94,21,50,96,16:00:19
94,21,40,96,16:00:19
94,21,40,95,16:00:20
94,21,40,96,16:00:20
94,21,50,95,16:00:21
94,21,50,96,16:00:21
94,21,40,95,16:00:22
94,21,50,95,16:00:22
94,21,50,96,16:00:23
94,21,50,96,16:00:24
94,21,50,95,16:00:24
94,21,40,95,16:00:25
94,21,40,95,16:00:25
94,21,40,94,16:00:26
94,21,40,94,16:00:26
94,21,40,94,16:00:27
94,21,40,92,16:00:27
94,21,40,91,16:00:28
94,21,40,91,16:00:28
94,21,40,90,16:00:29
94,21,30,90,16:00:30
94,21,40,90,16:00:30
94,21,30,89,16:00:31
94,21,40,89,16:00:31
94,21,40,90,16:00:32
94,21,30,91,16:00:32
94,21,30,92,16:00:33
94,21,40,93,16:00:33
94,21,40,93,16:00:34
94,21,40,94,16:00:35
94,21,40,95,16:00:35
94,21,40,95,16:00:36
94,21,40,96,16:00:36
94,21,40,96,16:00:37
94,21,40,96,16:00:37
94,21,40,97,16:00:38
94,21,40,97,16:00:38
94,21,40,97,16:00:39
94,21,40,97,16:00:39
94,21,40,97,16:00:40
94,21,40,97,16:00:41
94,21,40,98,16:00:41
94,21,40,98,16:00:42
94,21,40,98,16:00:42
94,21,40,98,16:00:43
94,21,40,99,16:00:43
94,21,40,98,16:00:44
94,21,40,98,16:00:44
94,21,40,98,16:00:45
94,21,40,98,16:00:46
94,21,40,97,16:00:46
94,21,40,97,16:00:47
94,21,40,97,16:00:47
94,21,40,96,16:00:48
94,21,40,96,16:00:48
94,21,40,96,16:00:49
94,21,40,96,16:00:49
94,21,40,97,16:00:50
94,21,40,97,16:00:50
94,21,40,98,16:00:51
94,21,40,98,16:00:52
94,21,40,98,16:00:52
94,21,40,99,16:00:53
94,21,40,98,16:00:53
94,21,40,98,16:00:54
94,21,40,99,16:00:54
94,21,40,98,16:00:55
94,21,40,99,16:00:55
94,21,40,98,16:00:56
94,21,40,98,16:00:57
94,21,40,98,16:00:57
94,21,40,98,16:00:58
94,21,40,98,16:00:58
94,21,40,98,16:00:59
94,21,40,98,16:00:59
94,21,40,98,16:01:00
94,21,40,98,16:01:00
94,21,40,98,16:01:01
94,21,40,98,16:01:01
94,21,40,98,16:01:02
94,21,40,98,16:01:03
94,21,40,97,16:01:03
94,21,40,97,16:01:04
94,21,40,97,16:01:04
94,21,40,97,16:01:05
94,21,40,97,16:01:05
94,21,40,97,16:01:06
94,21,40,97,16:01:06
94,21,40,97,16:01:07
94,21,40,97,16:01:08
94,21,40,97,16:01:08
94,21,40,97,16:01:09
94,21,40,97,16:01:09
94,21,40,97,16:01:10
94,21,40,97,16:01:10
94,21,40,96,16:01:11
94,21,40,97,16:01:11
94,21,40,96,16:01:12
94,21,40,96,16:01:13
94,21,40,97,16:01:13
94,21,40,97,16:01:14
94,21,40,97,16:01:14
94,21,40,97,16:01:15
94,21,40,97,16:01:15
94,21,40,97,16:01:16
94,21,40,97,16:01:16
94,21,40,96,16:01:17
94,21,40,96,16:01:17
94,21,40,96,16:01:18
94,21,40,96,16:01:19
94,21,40,96,16:01:19
94,21,40,96,16:01:20
94,21,40,95,16:01:20
94,21,40,95,16:01:21
94,21,40,95,16:01:21
94,21,40,95,16:01:22
94,21,40,95,16:01:22
94,21,40,95,16:01:23
94,21,40,96,16:01:24
94,21,40,96,16:01:24
94,21,40,96,16:01:25
94,21,40,96,16:01:25
94,21,40,96,16:01:26
94,21,40,96,16:01:26
94,21,40,96,16:01:27
94,21,40,96,16:01:27
94,21,40,96,16:01:28
94,21,40,96,16:01:28
94,21,40,96,16:01:29
94,21,40,96,16:01:30
94,21,40,96,16:01:30
94,21,40,96,16:01:31
94,21,40,96,16:01:31
94,21,40,96,16:01:32
94,21,40,96,16:01:32
94,21,40,96,16:01:33
94,21,40,96,16:01:33
94,21,40,95,16:01:34
94,21,40,95,16:01:35
94,21,40,95,16:01:35
94,21,40,95,16:01:36
94,21,40,94,16:01:36
94,21,30,94,16:01:37
94,21,30,94,16:01:37
94,21,30,94,16:01:38
94,21,30,95,16:01:38
94,21,30,95,16:01:39
94,21,30,95,16:01:39
94,21,30,95,16:01:40
94,21,30,95,16:01:41
94,21,30,95,16:01:41
94,21,30,96,16:01:42
94,21,40,95,16:01:42
94,21,40,95,16:01:43
94,21,40,96,16:01:43
94,21,40,96,16:01:44
94,21,40,96,16:01:44
94,21,40,96,16:01:45
94,21,40,96,16:01:46
94,21,40,96,16:01:46
94,21,40,96,16:01:47
94,21,40,96,16:01:47
94,21,40,96,16:01:48
94,21,40,96,16:01:48
94,21,40,96,16:01:49
94,21,40,96,16:01:49
94,21,40,96,16:01:50
94,21,40,96,16:01:50
94,21,40,95,16:01:51
94,21,40,96,16:01:52
94,21,40,95,16:01:52
94,21,40,95,16:01:53
94,21,40,96,16:01:53
94,21,40,95,16:01:54
94,21,40,95,16:01:54
94,21,40,95,16:01:55
94,21,40,95,16:01:55
94,21,40,95,16:01:56
94,21,40,95,16:01:57
94,21,40,95,16:01:57
94,21,30,94,16:01:58
94,21,30,94,16:01:58
94,21,30,94,16:01:59
94,21,30,94,16:01:59
94,21,40,95,16:02:00
94,21,30,94,16:02:00
94,21,30,95,16:02:01
94,21,30,95,16:02:01
94,21,30,95,16:02:02
94,21,30,95,16:02:03
94,21,30,95,16:02:03
94,21,30,94,16:02:04
94,21,30,94,16:02:04
94,21,30,94,16:02:05
94,21,30,95,16:02:05
94,21,30,95,16:02:06
94,21,30,95,16:02:06
94,21,30,94,16:02:07
94,21,40,95,16:02:08
94,21,40,95,16:02:08
94,21,30,94,16:02:09
94,21,40,95,16:02:09
94,21,40,95,16:02:10
94,21,40,95,16:02:10
94,21,40,96,16:02:11
94,21,40,95,16:02:11
94,21,40,95,16:02:12
94,21,40,95,16:02:13
94,21,40,95,16:02:13
94,21,40,95,16:02:14
94,21,40,95,16:02:14
94,21,40,95,16:02:15
94,21,40,95,16:02:15
94,21,40,95,16:02:16
94,21,40,95,16:02:16
94,21,40,95,16:02:17
94,21,40,95,16:02:17
94,21,40,95,16:02:18
94,21,40,95,16:02:19
94,21,40,95,16:02:19
94,21,40,95,16:02:20
94,21,40,95,16:02:20
94,21,40,95,16:02:21
94,21,40,95,16:02:21
94,21,40,95,16:02:22
94,21,40,95,16:02:22
94,21,40,95,16:02:23
94,21,40,95,16:02:24
94,21,40,95,16:02:24
94,21,40,95,16:02:25
94,21,40,95,16:02:25
94,21,40,95,16:02:26
94,21,40,95,16:02:27
94,21,40,95,16:02:27
94,21,40,95,16:02:28
94,21,40,95,16:02:29
94,21,40,95,16:02:29
94,21,40,95,16:02:30
94,21,40,95,16:02:30
94,21,40,95,16:02:31
94,21,40,95,16:02:31
94,21,40,95,16:02:32
94,21,40,95,16:02:32
94,21,50,95,16:02:33
94,21,50,95,16:02:34
94,21,40,96,16:02:34
94,21,40,95,16:02:35
94,21,50,96,16:02:35
94,21,40,95,16:02:36
94,21,40,96,16:02:36
94,21,40,95,16:02:37
94,21,40,96,16:02:37
94,21,40,95,16:02:38
94,21,40,95,16:02:38
94,21,40,95,16:02:39
94,21,40,95,16:02:40
94,21,40,95,16:02:40
94,21,50,95,16:02:41
94,21,50,95,16:02:41
94,21,40,95,16:02:42
94,21,50,95,16:02:42
94,21,40,96,16:02:43
94,21,40,96,16:02:43
94,21,50,95,16:02:44
94,21,40,95,16:02:45
94,21,50,96,16:02:45
94,21,40,95,16:02:46
94,21,40,95,16:02:46
94,21,40,95,16:02:47
94,21,40,95,16:02:47
94,21,40,94,16:02:48
94,21,40,94,16:02:48
94,21,40,94,16:02:49
94,21,40,94,16:02:49
94,21,40,94,16:02:50
94,21,40,93,16:02:51
94,21,40,94,16:02:51
94,21,40,94,16:02:52
94,21,40,94,16:02:52
94,21,40,93,16:02:53
94,21,40,93,16:02:53
94,21,40,94,16:02:54
94,21,40,93,16:02:54
94,21,40,94,16:02:55
94,21,40,94,16:02:56
94,21,40,94,16:02:56
94,21,40,95,16:02:57
94,21,40,95,16:02:57
94,21,50,95,16:02:58
94,21,40,96,16:02:58
94,21,40,96,16:02:59
94,21,50,95,16:02:59
94,21,50,96,16:03:00
94,21,40,96,16:03:00
94,21,50,95,16:03:01
94,21,40,95,16:03:02
94,21,50,96,16:03:02
94,21,50,96,16:03:03
94,21,40,96,16:03:03
94,21,50,95,16:03:04
94,21,40,96,16:03:04
94,21,50,96,16:03:05
94,21,50,95,16:03:05
94,21,40,95,16:03:06
94,21,50,95,16:03:07
94,21,40,96,16:03:07
94,21,40,95,16:03:08
94,21,50,96,16:03:08
94,21,50,95,16:03:09
94,21,50,95,16:03:09
94,21,50,96,16:03:10
94,21,50,96,16:03:10
94,21,50,96,16:03:11
94,21,50,96,16:03:11
94,21,50,96,16:03:12
94,21,50,96,16:03:13
94,21,50,96,16:03:13
94,21,50,96,16:03:14
94,21,50,95,16:03:14
10,42,105,96,16:03:15
10,42,105,96,16:03:15
10,42,105,95,16:03:16
10,42,105,96,16:03:16
10,42,105,96,16:03:17
10,42,105,96,16:03:18
10,42,105,96,16:03:18
10,42,105,95,16:03:19
10,42,105,96,16:03:19
10,42,104,96,16:03:20
10,42,104,95,16:03:20
10,42,104,95,16:03:21
10,42,104,95,16:03:21
10,42,104,95,16:03:22
10,42,104,95,16:03:22
10,42,104,95,16:03:23
10,42,104,95,16:03:24
10,42,104,95,16:03:24
10,42,105,95,16:03:25
10,42,104,95,16:03:25
10,42,104,95,16:03:26
10,42,105,95,16:03:26
10,42,105,95,16:03:27
10,42,104,95,16:03:27
10,42,104,95,16:03:28
10,42,104,95,16:03:29
10,42,104,95,16:03:29
10,42,104,95,16:03:30
10,42,104,95,16:03:30
10,42,104,94,16:03:31
10,42,104,94,16:03:31
10,42,104,94,16:03:32
10,42,104,95,16:03:32
10,42,104,94,16:03:33
10,42,104,93,16:03:34
10,42,104,93,16:03:34
10,42,103,90,16:03:35
10,42,104,91,16:03:35
10,42,104,92,16:03:36
10,42,104,92,16:03:36
10,42,103,91,16:03:37
10,42,103,90,16:03:37
10,42,103,89,16:03:38
10,42,102,88,16:03:38
10,42,102,87,16:03:39
10,42,102,85,16:03:40
10,42,101,81,16:03:40
10,42,101,78,16:03:41
10,42,100,76,16:03:41
10,42,101,76,16:03:42
10,42,101,75,16:03:42
10,42,102,76,16:03:43
10,42,102,76,16:03:43
10,42,103,78,16:03:44
10,42,104,80,16:03:45
10,42,105,81,16:03:45
10,42,106,83,16:03:46
10,42,107,86,16:03:46
10,42,108,88,16:03:47
10,42,108,91,16:03:47
94,21,80,93,16:03:48
94,21,90,94,16:03:48
94,21,90,96,16:03:49
94,21,90,97,16:03:49
94,21,90,98,16:03:50
94,21,90,98,16:03:51
94,21,90,99,16:03:51
94,21,91,0,16:03:52
94,21,90,99,16:03:52
94,21,101,0,16:03:53
94,21,101,2,16:03:53
94,21,90,99,16:03:54
94,21,90,98,16:03:54
94,21,91,0,16:03:55
94,21,101,1,16:03:56
94,21,101,2,16:03:56
94,21,91,2,16:03:57
94,21,91,4,16:03:57
94,21,101,5,16:03:58
94,21,91,4,16:03:58
94,21,91,4,16:03:59
94,21,91,4,16:03:59
94,21,91,3,16:04:00
94,21,91,4,16:04:00
94,21,91,1,16:04:01
94,21,81,0,16:04:02
94,21,91,1,16:04:02
94,21,81,0,16:04:03
94,21,81,0,16:04:03
94,21,81,0,16:04:04
94,21,91,1,16:04:04
94,21,81,2,16:04:05
94,21,91,3,16:04:05
94,21,91,3,16:04:06
94,21,91,3,16:04:07
94,21,91,2,16:04:07
94,21,91,3,16:04:08
94,21,91,5,16:04:08
94,21,91,5,16:04:09
94,21,81,5,16:04:09
94,21,91,6,16:04:10
94,21,81,6,16:04:10
94,21,81,6,16:04:11
94,21,81,6,16:04:11
94,21,81,6,16:04:12
94,21,81,5,16:04:13
94,21,81,7,16:04:13
94,21,81,6,16:04:14
94,21,91,5,16:04:14
94,21,91,6,16:04:15
94,21,91,6,16:04:15
94,21,81,5,16:04:16
94,21,81,5,16:04:16
94,21,91,5,16:04:17
94,21,81,5,16:04:18
94,21,81,5,16:04:18
94,21,81,5,16:04:19
94,21,91,5,16:04:19
94,21,91,4,16:04:20
94,21,81,3,16:04:20
94,21,81,3,16:04:21
94,21,81,3,16:04:21
94,21,81,3,16:04:22
94,21,91,3,16:04:23
94,21,81,3,16:04:23
94,21,81,3,16:04:24
94,21,81,1,16:04:24
94,21,81,0,16:04:25
94,21,81,0,16:04:25
94,21,90,99,16:04:26
94,21,101,0,16:04:26
94,21,100,99,16:04:27
94,21,101,0,16:04:27
94,21,101,1,16:04:28
94,21,101,1,16:04:29
94,21,111,2,16:04:29
94,21,111,2,16:04:30
94,21,111,4,16:04:30
94,21,111,3,16:04:31
94,21,101,3,16:04:31
94,21,111,4,16:04:32
94,21,101,4,16:04:32
94,21,101,0,16:04:33
94,21,101,0,16:04:34
94,21,101,1,16:04:34
94,21,101,2,16:04:35
94,21,111,3,16:04:35
94,21,111,3,16:04:36
94,21,111,4,16:04:36
94,21,121,5,16:04:37
94,21,111,4,16:04:37
94,21,121,5,16:04:38
94,21,121,6,16:04:38
94,21,131,6,16:04:39
94,21,121,7,16:04:40
94,21,121,8,16:04:40
94,21,121,5,16:04:41
94,21,111,4,16:04:41
94,21,121,4,16:04:42
94,21,121,5,16:04:42
94,21,121,5,16:04:43
94,21,121,4,16:04:43
94,21,121,4,16:04:44
94,21,121,5,16:04:45
94,21,131,6,16:04:45
94,21,141,7,16:04:46
94,21,131,7,16:04:46
94,21,141,8,16:04:47
94,21,141,9,16:04:47
94,21,141,9,16:04:48
94,21,141,9,16:04:48
94,21,131,9,16:04:49
94,21,131,9,16:04:49
94,21,131,8,16:04:50
94,21,141,9,16:04:51
94,21,131,8,16:04:51
94,21,141,9,16:04:52
94,21,131,9,16:04:52
94,21,131,9,16:04:53
94,21,141,9,16:04:53
94,21,141,9,16:04:54
94,21,131,8,16:04:54
94,21,131,8,16:04:55
94,21,131,8,16:04:56
94,21,131,8,16:04:56
94,21,131,8,16:04:57
94,21,131,8,16:04:57
94,21,131,8,16:04:58
94,21,131,8,16:04:58
94,21,131,8,16:04:59
94,21,121,8,16:04:59
94,21,121,8,16:05:00
94,21,121,7,16:05:01
94,21,121,7,16:05:01
94,21,121,7,16:05:02
94,21,121,7,16:05:02
94,21,121,7,16:05:03
94,21,121,6,16:05:03
94,21,111,6,16:05:04
94,21,111,6,16:05:04
94,21,111,6,16:05:05
94,21,111,6,16:05:05
94,21,101,5,16:05:06
94,21,101,5,16:05:07
94,21,101,4,16:05:07
94,21,101,4,16:05:08
94,21,101,4,16:05:08
94,21,91,4,16:05:09
94,21,101,4,16:05:09
94,21,101,4,16:05:10
94,21,91,3,16:05:10
94,21,91,3,16:05:11
94,21,91,2,16:05:12
94,21,91,3,16:05:12
94,21,91,3,16:05:13
94,21,91,3,16:05:13
94,21,91,3,16:05:14
94,21,91,3,16:05:14
94,21,91,3,16:05:15
94,21,81,2,16:05:15
94,21,91,2,16:05:16
94,21,91,2,16:05:16
94,21,91,2,16:05:17
94,21,81,2,16:05:18
94,21,81,2,16:05:18
94,21,81,1,16:05:19
94,21,81,2,16:05:19
94,21,81,2,16:05:20
94,21,81,1,16:05:20
94,21,81,2,16:05:21
94,21,81,1,16:05:21
94,21,81,1,16:05:22
94,21,81,1,16:05:23
94,21,81,1,16:05:23
94,21,71,1,16:05:24
94,21,81,1,16:05:24
94,21,81,2,16:05:25
94,21,81,1,16:05:25
94,21,81,1,16:05:26
94,21,81,1,16:05:26
94,21,81,2,16:05:27
94,21,81,1,16:05:27
94,21,81,1,16:05:28
94,21,81,1,16:05:29
94,21,71,1,16:05:29
94,21,81,1,16:05:30
94,21,81,0,16:05:30
94,21,71,0,16:05:31
94,21,71,0,16:05:31
94,21,71,0,16:05:32
94,21,71,0,16:05:32
94,21,71,0,16:05:33
94,21,71,0,16:05:34
94,21,70,99,16:05:34
94,21,70,99,16:05:35
94,21,70,99,16:05:35
94,21,70,99,16:05:36
94,21,70,99,16:05:36
94,21,70,99,16:05:37
94,21,60,99,16:05:37
94,21,70,99,16:05:38
94,21,60,99,16:05:38
94,21,60,99,16:05:39
94,21,60,99,16:05:40
94,21,61,0,16:05:40
94,21,70,99,16:05:41
94,21,70,99,16:05:41
94,21,70,99,16:05:42
94,21,71,0,16:05:42
94,21,70,99,16:05:43
94,21,70,99,16:05:43
94,21,70,99,16:05:44
94,21,70,99,16:05:45
94,21,60,99,16:05:45
94,21,60,99,16:05:46
94,21,70,99,16:05:46
94,21,70,99,16:05:47
94,21,71,0,16:05:47
94,21,61,0,16:05:48
94,21,61,0,16:05:48
94,21,71,0,16:05:49
94,21,61,0,16:05:50
94,21,70,99,16:05:50
94,21,71,0,16:05:51
94,21,61,0,16:05:51
94,21,70,99,16:05:52
94,21,60,99,16:05:52
94,21,70,99,16:05:53
94,21,70,99,16:05:53
94,21,70,99,16:05:54
94,21,60,99,16:05:54
94,21,60,99,16:05:55
94,21,60,99,16:05:56
94,21,60,99,16:05:56
94,21,60,99,16:05:57
94,21,60,99,16:05:57
94,21,60,99,16:05:58
94,21,50,98,16:05:58
94,21,50,98,16:05:59
94,21,50,98,16:05:59
94,21,60,98,16:06:00
94,21,60,98,16:06:01
94,21,60,98,16:06:01
94,21,60,99,16:06:02
94,21,60,98,16:06:02
94,21,60,99,16:06:03
94,21,60,99,16:06:03
94,21,60,99,16:06:04
94,21,60,99,16:06:04
94,21,60,99,16:06:05
94,21,60,98,16:06:05
94,21,50,98,16:06:06
94,21,60,99,16:06:07
94,21,60,98,16:06:07
94,21,50,98,16:06:08
94,21,50,98,16:06:08
94,21,60,99,16:06:09
94,21,50,98,16:06:09
94,21,60,99,16:06:10
94,21,50,98,16:06:10
94,21,60,99,16:06:11
94,21,60,99,16:06:12
94,21,50,98,16:06:12
94,21,50,98,16:06:13
94,21,60,99,16:06:13
94,21,60,98,16:06:14
94,21,50,98,16:06:14
94,21,50,98,16:06:15
94,21,50,98,16:06:15
94,21,50,98,16:06:16
94,21,50,98,16:06:16
94,21,50,98,16:06:17
94,21,50,98,16:06:18
94,21,50,98,16:06:18
94,21,50,98,16:06:19
94,21,50,98,16:06:19
94,21,60,98,16:06:20
94,21,50,98,16:06:20
94,21,60,98,16:06:21
94,21,50,98,16:06:21
94,21,50,98,16:06:22
94,21,50,98,16:06:23
94,21,50,98,16:06:23
94,21,50,98,16:06:24
94,21,50,98,16:06:24
94,21,50,97,16:06:25
94,21,50,98,16:06:25
94,21,40,97,16:06:26
94,21,50,97,16:06:26
94,21,50,97,16:06:27
94,21,40,97,16:06:27
94,21,50,97,16:06:28
94,21,50,97,16:06:29
94,21,50,98,16:06:29
94,21,50,97,16:06:30
94,21,50,98,16:06:30
94,21,50,98,16:06:31
94,21,50,98,16:06:31
94,21,50,97,16:06:32
94,21,50,97,16:06:32
94,21,50,98,16:06:33
94,21,50,97,16:06:34
94,21,50,97,16:06:34
94,21,50,98,16:06:35
94,21,50,98,16:06:35
94,21,50,98,16:06:36
94,21,50,97,16:06:36
94,21,50,97,16:06:37
94,21,50,97,16:06:37
94,21,50,98,16:06:38
94,21,50,98,16:06:38
94,21,50,97,16:06:39
94,21,50,97,16:06:40
94,21,50,97,16:06:40
94,21,50,97,16:06:41
94,21,40,98,16:06:41
94,21,50,97,16:06:42
94,21,40,96,16:06:42
94,21,40,96,16:06:43
94,21,40,96,16:06:43
94,21,50,96,16:06:44
94,21,40,95,16:06:45
94,21,40,95,16:06:45
94,21,40,96,16:06:46
94,21,40,96,16:06:46
94,21,40,96,16:06:47
94,21,40,95,16:06:47
94,21,40,96,16:06:48
94,21,40,96,16:06:48
94,21,40,96,16:06:49
94,21,30,95,16:06:49
94,21,40,94,16:06:50
94,21,30,94,16:06:51
94,21,40,94,16:06:51
94,21,40,95,16:06:52
94,21,40,95,16:06:52
94,21,40,96,16:06:53
94,21,40,95,16:06:53
94,21,40,96,16:06:54
94,21,40,96,16:06:54
94,21,40,96,16:06:55
94,21,40,97,16:06:56
94,21,40,96,16:06:56
94,21,40,97,16:06:57
94,21,40,97,16:06:57
94,21,40,97,16:06:58
94,21,40,97,16:06:58
94,21,40,97,16:06:59
94,21,40,97,16:06:59
94,21,40,97,16:07:00
94,21,40,97,16:07:01
94,21,40,97,16:07:01
94,21,40,97,16:07:02
94,21,40,97,16:07:02
94,21,40,97,16:07:03
94,21,40,96,16:07:03
94,21,40,97,16:07:04
94,21,40,97,16:07:04
94,21,40,97,16:07:05
94,21,40,97,16:07:05
94,21,40,97,16:07:06
94,21,40,97,16:07:07
94,21,40,97,16:07:07
94,21,40,96,16:07:08
94,21,40,97,16:07:08
94,21,40,96,16:07:09
94,21,40,97,16:07:09
94,21,40,97,16:07:10
94,21,40,96,16:07:10
94,21,40,97,16:07:11
94,21,40,97,16:07:12
94,21,40,97,16:07:12
94,21,40,97,16:07:13
94,21,40,97,16:07:13
94,21,40,97,16:07:14
94,21,40,96,16:07:14
94,21,40,96,16:07:15
94,21,30,96,16:07:15
94,21,40,96,16:07:16
94,21,40,95,16:07:16
94,21,40,96,16:07:17
94,21,40,96,16:07:18
94,21,40,96,16:07:18
94,21,40,96,16:07:19
94,21,50,97,16:07:19
94,21,40,97,16:07:20
94,21,40,97,16:07:20
94,21,40,96,16:07:21
94,21,40,96,16:07:21
94,21,50,97,16:07:22
94,21,40,97,16:07:23
94,21,40,97,16:07:23
94,21,40,97,16:07:24
94,21,40,97,16:07:24
94,21,40,97,16:07:25
94,21,40,98,16:07:25
94,21,40,98,16:07:26
94,21,40,97,16:07:26
94,21,50,98,16:07:27
94,21,50,98,16:07:27
94,21,40,98,16:07:28
94,21,40,98,16:07:29
94,21,40,98,16:07:29
94,21,40,98,16:07:30
94,21,40,97,16:07:30
94,21,40,97,16:07:31
94,21,40,97,16:07:31
94,21,30,96,16:07:32
94,21,40,96,16:07:32
94,21,40,96,16:07:33
94,21,30,96,16:07:34
94,21,20,95,16:07:34
94,21,30,95,16:07:35
94,21,30,96,16:07:35
94,21,30,96,16:07:36
94,21,30,97,16:07:36
94,21,40,97,16:07:37
94,21,40,98,16:07:37
94,21,40,98,16:07:38
94,21,40,98,16:07:38
94,21,40,98,16:07:39
94,21,40,97,16:07:40
94,21,40,98,16:07:40
94,21,40,97,16:07:41
94,21,40,97,16:07:41
94,21,40,97,16:07:42
94,21,40,97,16:07:42
94,21,40,96,16:07:43
94,21,40,97,16:07:43
94,21,50,98,16:07:44
94,21,50,98,16:07:45
94,21,60,99,16:07:45
94,21,50,99,16:07:46
94,21,51,0,16:07:46
94,21,60,99,16:07:47
94,21,61,0,16:07:47
94,21,61,0,16:07:48
94,21,61,0,16:07:48
94,21,61,0,16:07:49
94,21,61,0,16:07:49
94,21,61,1,16:07:50
94,21,60,99,16:07:51
94,21,60,99,16:07:51
94,21,60,99,16:07:52
94,21,51,0,16:07:52
94,21,51,0,16:07:53
94,21,60,99,16:07:53
94,21,51,0,16:07:54
94,21,50,99,16:07:54
94,21,50,99,16:07:55
94,21,51,0,16:07:56
94,21,50,99,16:07:56
94,21,51,0,16:07:57
94,21,51,0,16:07:57
94,21,51,0,16:07:58
94,21,50,99,16:07:58
94,21,51,0,16:07:59
94,21,51,0,16:07:59
94,21,51,0,16:08:00
94,21,51,0,16:08:01
94,21,51,1,16:08:01
94,21,51,1,16:08:02
94,21,51,1,16:08:02
94,21,51,0,16:08:03
94,21,51,0,16:08:03
94,21,41,1,16:08:04
94,21,41,1,16:08:04
94,21,31,0,16:08:05
94,21,31,1,16:08:05
94,21,31,0,16:08:06
94,21,31,0,16:08:07
94,21,31,0,16:08:07
94,21,31,1,16:08:08
94,21,31,0,16:08:08
94,21,31,1,16:08:09
94,21,31,1,16:08:09
94,21,31,0,16:08:10
94,21,31,0,16:08:10
94,21,31,0,16:08:11
94,21,31,0,16:08:12
94,21,31,0,16:08:12
94,21,31,1,16:08:13
94,21,31,1,16:08:13
94,21,31,0,16:08:14
94,21,20,98,16:08:14
94,21,30,98,16:08:15
94,21,20,98,16:08:15
94,21,30,98,16:08:16
94,21,30,99,16:08:17
94,21,20,99,16:08:17
94,21,30,99,16:08:18
94,21,20,99,16:08:18
94,21,30,99,16:08:19
94,21,10,96,16:08:19
94,21,20,96,16:08:20
94,21,10,96,16:08:20
94,21,10,95,16:08:21
94,21,10,95,16:08:21
94,21,10,94,16:08:22
94,21,20,95,16:08:23
94,21,20,94,16:08:23
94,21,20,94,16:08:24
94,21,20,95,16:08:24
94,21,20,95,16:08:25
94,21,20,96,16:08:25
94,21,30,97,16:08:26
94,21,20,98,16:08:26
94,21,20,97,16:08:27
94,21,30,96,16:08:28
94,21,30,98,16:08:28
94,21,30,98,16:08:29
94,21,20,99,16:08:29
94,21,31,0,16:08:30
94,21,31,0,16:08:30
94,21,21,0,16:08:31
94,21,31,1,16:08:31
94,21,21,0,16:08:32
94,21,31,2,16:08:32
94,21,21,1,16:08:33
94,21,21,0,16:08:34
94,21,11,0,16:08:34
94,21,31,1,16:08:35
94,21,31,1,16:08:35
94,21,31,2,16:08:36
94,21,31,3,16:08:36
94,21,31,3,16:08:37
94,21,31,4,16:08:37
94,21,31,4,16:08:38
94,21,31,4,16:08:39
94,21,41,4,16:08:39
94,21,41,5,16:08:40
94,21,41,5,16:08:40
94,21,41,6,16:08:41
94,21,51,6,16:08:41
94,21,51,5,16:08:42
94,21,41,5,16:08:42
94,21,51,5,16:08:43
94,21,51,5,16:08:43
94,21,41,4,16:08:44
94,21,41,4,16:08:45
94,21,41,4,16:08:45
94,21,51,4,16:08:46
94,21,41,4,16:08:46
94,21,41,2,16:08:47
94,21,41,2,16:08:47
94,21,41,1,16:08:48
94,21,41,1,16:08:48
94,21,41,2,16:08:49
94,21,41,2,16:08:50
94,21,51,3,16:08:50
94,21,41,2,16:08:51
94,21,41,1,16:08:51
94,21,41,1,16:08:52
94,21,41,1,16:08:52
94,21,51,1,16:08:53
94,21,51,2,16:08:53
94,21,61,3,16:08:54
94,21,61,3,16:08:54
94,21,61,3,16:08:55
94,21,61,3,16:08:56
94,21,61,4,16:08:56
94,21,61,4,16:08:57
94,21,61,5,16:08:57
94,21,61,4,16:08:58
94,21,61,3,16:08:58
94,21,61,3,16:08:59
94,21,61,3,16:08:59
94,21,71,4,16:09:00
94,21,71,5,16:09:01
94,21,71,5,16:09:01
94,21,81,6,16:09:02
94,21,81,7,16:09:02
94,21,81,7,16:09:03
94,21,81,7,16:09:03
94,21,81,7,16:09:04
94,21,71,6,16:09:04
94,21,71,6,16:09:05
94,21,71,6,16:09:06
94,21,71,5,16:09:06
94,21,61,6,16:09:07
94,21,61,4,16:09:07
94,21,61,4,16:09:08
94,21,61,4,16:09:08
94,21,71,5,16:09:09
94,21,71,6,16:09:09
94,21,81,6,16:09:10
94,21,71,5,16:09:10
94,21,81,5,16:09:11
94,21,71,4,16:09:12
94,21,81,2,16:09:12
94,21,71,3,16:09:13
94,21,81,4,16:09:13
94,21,81,4,16:09:14
94,21,81,5,16:09:14
94,21,81,5,16:09:15
94,21,91,5,16:09:15
94,21,91,6,16:09:16
94,21,101,7,16:09:17
94,21,91,8,16:09:17
94,21,101,8,16:09:18
94,21,101,9,16:09:18
94,21,101,9,16:09:19
94,21,101,8,16:09:19
94,21,101,8,16:09:20
94,21,101,8,16:09:20
94,21,101,9,16:09:21
94,21,101,8,16:09:21
94,21,101,8,16:09:22
94,21,101,8,16:09:23
94,21,101,8,16:09:23
94,21,91,6,16:09:24
94,21,91,6,16:09:24
94,21,91,5,16:09:25
94,21,81,5,16:09:25
94,21,91,5,16:09:26
94,21,81,6,16:09:26
94,21,91,6,16:09:27
94,21,91,7,16:09:28
94,21,101,7,16:09:28
94,21,91,6,16:09:29
94,21,91,6,16:09:29
94,21,91,6,16:09:30
94,21,81,6,16:09:30
94,21,91,6,16:09:31
94,21,91,6,16:09:31
94,21,91,7,16:09:32
94,21,81,7,16:09:32
94,21,91,7,16:09:33
94,21,81,7,16:09:34
94,21,81,6,16:09:34
94,21,81,6,16:09:35
94,21,81,6,16:09:36
94,21,81,5,16:09:36
94,21,81,6,16:09:37
94,21,81,6,16:09:37
94,21,81,6,16:09:38
94,21,81,5,16:09:39
94,21,81,5,16:09:39
94,21,81,6,16:09:40
94,21,81,5,16:09:40
94,21,71,5,16:09:41
94,21,81,5,16:09:41
94,21,71,5,16:09:42
94,21,81,5,16:09:42
94,21,81,5,16:09:43
94,21,71,4,16:09:43
94,21,71,3,16:09:44
94,21,71,4,16:09:45
94,21,71,4,16:09:45
94,21,61,4,16:09:46
94,21,61,4,16:09:46
94,21,71,4,16:09:47
94,21,61,4,16:09:47
94,21,71,5,16:09:48
94,21,61,4,16:09:48
94,21,61,4,16:09:49
94,21,61,4,16:09:50
94,21,61,5,16:09:50
94,21,61,5,16:09:51
94,21,61,5,16:09:51
94,21,61,4,16:09:52
94,21,51,3,16:09:52
94,21,51,3,16:09:53
94,21,61,4,16:09:53
94,21,61,4,16:09:54
94,21,61,4,16:09:54
94,21,61,4,16:09:55
94,21,51,4,16:09:56
94,21,61,4,16:09:56
94,21,61,4,16:09:57
94,21,51,3,16:09:57
94,21,61,4,16:09:58
94,21,61,4,16:09:58
94,21,61,3,16:09:59
94,21,61,3,16:09:59
94,21,61,4,16:10:00
94,21,51,3,16:10:01
94,21,51,3,16:10:01
94,21,61,3,16:10:02
94,21,51,4,16:10:02
94,21,51,4,16:10:03
94,21,51,4,16:10:03
94,21,61,4,16:10:04
94,21,51,4,16:10:04
94,21,51,4,16:10:05
94,21,51,4,16:10:06
94,21,51,4,16:10:06
94,21,51,4,16:10:07
94,21,51,4,16:10:07
94,21,51,4,16:10:08
94,21,51,3,16:10:08
94,21,51,3,16:10:09
94,21,51,4,16:10:09
94,21,51,3,16:10:10
94,21,51,3,16:10:10
94,21,41,2,16:10:11
94,21,51,2,16:10:12
94,21,51,2,16:10:12
94,21,51,2,16:10:13
94,21,41,1,16:10:13
94,21,41,2,16:10:14
94,21,51,2,16:10:14
94,21,51,2,16:10:15
94,21,51,2,16:10:15
94,21,41,2,16:10:16
94,21,51,2,16:10:17
94,21,51,2,16:10:17
94,21,41,2,16:10:18
94,21,51,2,16:10:18
94,21,51,3,16:10:19
94,21,51,2,16:10:19
94,21,51,2,16:10:20
94,21,51,2,16:10:20
94,21,51,2,16:10:21
94,21,51,2,16:10:21
94,21,41,2,16:10:22
94,21,51,1,16:10:23
94,21,51,2,16:10:23
94,21,51,2,16:10:24
94,21,41,1,16:10:24
94,21,41,1,16:10:25
94,21,41,1,16:10:25
94,21,41,1,16:10:26
94,21,41,1,16:10:26
94,21,41,0,16:10:27
94,21,41,0,16:10:28
94,21,41,0,16:10:28
94,21,41,0,16:10:29
94,21,41,1,16:10:29
94,21,41,1,16:10:30
94,21,41,0,16:10:30
94,21,41,0,16:10:31
94,21,41,0,16:10:31
94,21,41,0,16:10:32
94,21,41,0,16:10:32
94,21,51,0,16:10:33
94,21,51,0,16:10:34
94,21,51,1,16:10:34
94,21,51,0,16:10:35
94,21,50,98,16:10:35
94,21,50,99,16:10:36
94,21,50,99,16:10:36
94,21,50,99,16:10:37
94,21,51,0,16:10:37
94,21,41,0,16:10:38
94,21,51,0,16:10:39
94,21,51,1,16:10:39
94,21,51,1,16:10:40
94,21,41,0,16:10:40
94,21,41,1,16:10:41
94,21,41,1,16:10:41
94,21,41,1,16:10:42
94,21,41,1,16:10:42
94,21,41,1,16:10:43
94,21,41,1,16:10:44
94,21,41,1,16:10:44
94,21,41,1,16:10:45
94,21,41,1,16:10:45
94,21,31,0,16:10:46
94,21,31,1,16:10:46
94,21,41,0,16:10:47
94,21,31,0,16:10:47
94,21,31,0,16:10:48
94,21,31,0,16:10:48
94,21,31,0,16:10:49
94,21,31,0,16:10:50
94,21,30,99,16:10:50
94,21,31,0,16:10:51
94,21,30,99,16:10:51
94,21,30,99,16:10:52
94,21,30,99,16:10:52
94,21,30,99,16:10:53
94,21,30,99,16:10:53
94,21,30,99,16:10:54
94,21,30,99,16:10:55
94,21,30,99,16:10:55
94,21,30,99,16:10:56
94,21,30,99,16:10:56
94,21,20,98,16:10:57
94,21,30,99,16:10:57
94,21,20,98,16:10:58
94,21,20,98,16:10:58
94,21,20,97,16:10:59
94,21,20,96,16:10:59
94,21,20,96,16:11:00
94,21,10,95,16:11:01
94,21,10,95,16:11:01
94,21,10,94,16:11:02
94,21,10,94,16:11:02
94,21,20,95,16:11:03
94,21,10,95,16:11:03
94,21,20,96,16:11:04
94,21,20,96,16:11:04
94,21,20,97,16:11:05
94,21,30,98,16:11:06
94,21,30,97,16:11:06
94,21,30,98,16:11:07
94,21,30,98,16:11:07
94,21,30,99,16:11:08
94,21,30,99,16:11:08
94,21,30,99,16:11:09
94,21,30,99,16:11:09
94,21,30,99,16:11:10
94,21,40,99,16:11:10
94,21,40,99,16:11:11
94,21,31,0,16:11:12
94,21,31,0,16:11:12
94,21,30,99,16:11:13
94,21,30,99,16:11:13
94,21,31,0,16:11:14
94,21,31,0,16:11:14
94,21,31,0,16:11:15
94,21,30,99,16:11:15
94,21,30,99,16:11:16
94,21,30,99,16:11:17
94,21,30,98,16:11:17
94,21,30,99,16:11:18
94,21,30,99,16:11:18
94,21,30,98,16:11:19
94,21,30,97,16:11:19
94,21,30,98,16:11:20
94,21,30,98,16:11:20
94,21,30,98,16:11:21
94,21,30,99,16:11:22
94,21,30,99,16:11:22
94,21,30,99,16:11:23
94,21,31,0,16:11:23
94,21,30,99,16:11:24
94,21,30,99,16:11:24
94,21,30,99,16:11:25
94,21,30,99,16:11:25
94,21,20,99,16:11:26
94,21,30,98,16:11:26
94,21,30,98,16:11:27
94,21,30,99,16:11:28
94,21,30,98,16:11:28
94,21,30,99,16:11:29
94,21,30,99,16:11:29
94,21,31,0,16:11:30
94,21,31,0,16:11:30
94,21,31,0,16:11:31
94,21,30,99,16:11:32
94,21,31,0,16:11:33
94,21,31,0,16:11:33
94,21,31,0,16:11:34
94,21,31,0,16:11:34
94,21,31,0,16:11:35
94,21,31,0,16:11:35
94,21,31,0,16:11:36
94,21,31,0,16:11:36
94,21,31,0,16:11:37
94,21,31,0,16:11:37
94,21,30,99,16:11:38
94,21,30,99,16:11:39
94,21,40,99,16:11:39
94,21,30,99,16:11:40
94,21,31,0,16:11:40
94,21,31,0,16:11:41
94,21,31,0,16:11:41
94,21,31,0,16:11:42
94,21,30,99,16:11:42
94,21,30,99,16:11:43
94,21,30,99,16:11:44
94,21,30,99,16:11:44
94,21,30,99,16:11:45
94,21,81,0,16:11:45
94,21,71,0,16:11:46
94,21,60,98,16:11:46
94,21,70,93,16:11:47
94,21,50,89,16:11:47
94,21,50,88,16:11:48
94,20,990,89,16:11:48
94,21,10,89,16:11:49
94,21,10,90,16:11:50
84,41,0,90,16:11:50
84,40,990,92,16:11:51
84,41,10,92,16:11:51
84,41,40,93,16:11:52
84,31,30,93,16:11:52
84,31,40,94,16:11:53
84,31,50,95,16:11:53
84,31,50,96,16:11:54
84,31,50,97,16:11:55
84,31,50,95,16:11:55
84,31,40,89,16:11:56
84,31,20,84,16:11:56
84,31,30,83,16:11:57
84,31,40,84,16:11:57
84,31,50,86,16:11:58
84,31,60,88,16:11:58
84,31,70,90,16:11:59
84,31,70,92,16:11:59
84,31,70,93,16:12:00
84,31,80,95,16:12:01
84,31,90,97,16:12:01
84,31,90,98,16:12:02
84,31,91,0,16:12:02
84,31,101,1,16:12:03
84,31,91,2,16:12:03
84,31,101,2,16:12:04
84,31,101,3,16:12:04
84,31,101,2,16:12:05
84,31,80,96,16:12:06
84,31,70,94,16:12:06
84,31,80,95,16:12:07
84,31,80,95,16:12:07
84,31,90,97,16:12:08
84,31,100,99,16:12:08
84,31,101,0,16:12:09
84,31,90,99,16:12:09
84,31,90,96,16:12:10
84,31,100,97,16:12:11
84,31,100,97,16:12:11
84,31,110,97,16:12:12
84,31,110,99,16:12:12
84,31,110,99,16:12:13
84,31,111,0,16:12:13
84,31,101,1,16:12:14
84,31,90,98,16:12:14
84,31,100,98,16:12:15
84,31,100,99,16:12:15
84,31,111,0,16:12:16
84,31,111,1,16:12:17
84,31,121,3,16:12:17
84,31,121,3,16:12:18
84,31,111,4,16:12:18
84,31,111,4,16:12:19
84,31,121,5,16:12:19
84,31,121,7,16:12:20
84,31,121,8,16:12:20
84,31,121,8,16:12:21
84,31,111,7,16:12:22
84,31,81,6,16:12:22
84,31,81,6,16:12:23
84,31,91,7,16:12:23
84,31,101,6,16:12:24
84,31,91,3,16:12:24
84,31,121,4,16:12:25
84,31,110,99,16:12:25
84,31,100,95,16:12:26
84,31,90,92,16:12:26
84,31,90,90,16:12:27
84,31,80,90,16:12:28
84,31,70,92,16:12:28
84,31,60,94,16:12:29
84,31,70,97,16:12:29
74,31,80,99,16:12:30
74,31,91,1,16:12:30
74,31,111,2,16:12:31
74,31,91,2,16:12:31
74,31,81,1,16:12:32
74,31,91,2,16:12:33
74,31,91,4,16:12:33
74,31,111,7,16:12:34
74,31,121,9,16:12:34
74,31,131,12,16:12:35
74,31,131,13,16:12:35
74,31,141,14,16:12:36
74,31,141,16,16:12:36
74,31,151,17,16:12:37
74,31,151,18,16:12:37
74,31,151,18,16:12:38
74,31,151,18,16:12:39
74,31,151,18,16:12:39
74,31,151,19,16:12:40
74,31,151,19,16:12:40
74,31,151,19,16:12:41
74,31,151,19,16:12:41
74,31,141,19,16:12:42
74,31,131,19,16:12:42
74,31,121,18,16:12:43
74,31,131,19,16:12:44
74,31,131,18,16:12:44
74,31,131,18,16:12:45
74,31,141,18,16:12:45
74,31,131,17,16:12:46
74,31,121,18,16:12:46
74,31,111,18,16:12:47
74,31,111,17,16:12:47
74,31,111,17,16:12:48
74,31,101,16,16:12:48
74,31,101,16,16:12:49
74,31,111,15,16:12:50
74,31,111,15,16:12:50
74,31,121,14,16:12:51
74,31,121,14,16:12:51
74,31,121,14,16:12:52
74,31,131,13,16:12:52
74,31,131,14,16:12:53
74,31,141,14,16:12:53
74,31,141,14,16:12:54
74,31,131,13,16:12:55
74,31,141,13,16:12:55
74,31,141,12,16:12:56
74,31,131,10,16:12:56
74,31,121,9,16:12:57
74,31,121,9,16:12:57
74,31,131,8,16:12:58
74,31,131,9,16:12:58
74,31,141,9,16:12:59
74,31,151,10,16:13:00
74,31,161,12,16:13:00
74,31,171,12,16:13:01
74,31,171,13,16:13:01
74,31,181,16,16:13:02
74,31,191,16,16:13:02
74,31,191,17,16:13:03
74,31,191,17,16:13:03
74,31,201,18,16:13:04
74,31,201,19,16:13:04
74,31,201,19,16:13:05
74,31,211,20,16:13:06
74,31,211,20,16:13:06
74,31,211,20,16:13:07
74,31,221,21,16:13:07
74,31,211,21,16:13:08
74,31,221,22,16:13:08
74,31,221,22,16:13:09
74,31,231,23,16:13:09
74,31,241,24,16:13:10
74,31,241,24,16:13:11
74,31,231,24,16:13:11
74,31,231,23,16:13:12
74,31,231,23,16:13:12
74,31,231,23,16:13:13
74,31,231,23,16:13:13
74,31,241,23,16:13:14
74,31,241,24,16:13:14
74,31,231,24,16:13:15
74,31,231,24,16:13:15
84,31,241,24,16:13:16
84,31,241,24,16:13:17
84,31,241,24,16:13:17
84,31,241,24,16:13:18
84,31,231,23,16:13:18
84,31,231,23,16:13:19
84,31,231,23,16:13:19
84,31,231,23,16:13:20
84,31,231,23,16:13:20
84,31,251,23,16:13:21
84,31,261,23,16:13:22
84,31,251,23,16:13:22
84,31,251,23,16:13:23
84,31,251,22,16:13:23
84,31,251,22,16:13:24
84,31,251,22,16:13:24
84,31,241,21,16:13:25
84,31,231,20,16:13:25
84,31,271,21,16:13:26
84,31,281,20,16:13:26
84,31,271,20,16:13:27
84,31,271,19,16:13:28
84,31,281,19,16:13:28
84,31,291,19,16:13:29
84,31,281,18,16:13:29
84,31,291,19,16:13:30
84,31,281,19,16:13:30
84,31,281,19,16:13:31
94,21,291,18,16:13:31
94,21,291,18,16:13:32
94,21,291,18,16:13:33
94,21,291,18,16:13:33
94,21,291,18,16:13:34
94,21,301,18,16:13:34
94,21,301,18,16:13:35
94,21,301,18,16:13:35
94,21,301,18,16:13:36
